/*
Navicat MySQL Data Transfer

Source Server         : localhost_3306
Source Server Version : 50624
Source Host           : 192.168.2.3:3306
Source Database       : crm

Target Server Type    : MYSQL
Target Server Version : 50624
File Encoding         : 65001

Date: 2017-06-03 16:20:12
*/

SET FOREIGN_KEY_CHECKS=0;

-- ----------------------------
-- Table structure for `crm_activity`
-- ----------------------------
DROP TABLE IF EXISTS `crm_activity`;
CREATE TABLE `crm_activity` (
  `ACTIVITY_ID` int(11) NOT NULL AUTO_INCREMENT COMMENT 'ID',
  `ACTIVITY_CONTENT` varchar(100) DEFAULT NULL COMMENT '活动内容',
  `ACTIVITY_EFFECT` varchar(100) DEFAULT NULL COMMENT '预计效果',
  `ACTIVITY_DATE` varchar(100) DEFAULT NULL COMMENT '时间',
  `ACTIVITY_COST` int(4) DEFAULT NULL COMMENT '涉及金额 单位（万元）',
  PRIMARY KEY (`ACTIVITY_ID`)
) ENGINE=InnoDB AUTO_INCREMENT=6 DEFAULT CHARSET=utf8 COMMENT='商务活动表';

-- ----------------------------
-- Records of crm_activity
-- ----------------------------
INSERT INTO `crm_activity` VALUES ('5', '活动内容', '活动效果', '2017-05-30T16:00:00.000Z', '1000');

-- ----------------------------
-- Table structure for `crm_clew`
-- ----------------------------
DROP TABLE IF EXISTS `crm_clew`;
CREATE TABLE `crm_clew` (
  `CLEW_ID` int(11) NOT NULL AUTO_INCREMENT COMMENT 'ID',
  `CLEW_NAME` varchar(20) DEFAULT NULL COMMENT '项目名称',
  `CUSTOMER_ID` int(11) DEFAULT NULL COMMENT '关联客户ID',
  `CONTACT_ID` int(11) DEFAULT NULL COMMENT '主要联系人',
  `CLEW_BUDGET` int(5) DEFAULT NULL COMMENT '预算，单位 万元',
  `CLEW_PERIOD` varchar(5) DEFAULT NULL COMMENT '阶段，代码， 关联字典CLEW_PERIOD',
  `CLEW_CREATE` date DEFAULT NULL COMMENT '创建时间',
  `CLEW_UPDATE` date DEFAULT NULL COMMENT '修改时间',
  `CLEW_CHARGE_ID` int(11) DEFAULT NULL COMMENT '销售人员ID',
  `CLEW_PROPOSAL_DATE` varchar(100) DEFAULT NULL COMMENT '预计立项时间',
  PRIMARY KEY (`CLEW_ID`)
) ENGINE=InnoDB AUTO_INCREMENT=2 DEFAULT CHARSET=utf8 COMMENT='线索表';

-- ----------------------------
-- Records of crm_clew
-- ----------------------------
INSERT INTO `crm_clew` VALUES ('1', '大唐能源管理系统', '1', '4', '100000', '1', '2017-05-31', '2017-05-31', '2', '2017-05-30T16:00:00.000Z');

-- ----------------------------
-- Table structure for `crm_competitor`
-- ----------------------------
DROP TABLE IF EXISTS `crm_competitor`;
CREATE TABLE `crm_competitor` (
  `COMP_ID` int(11) NOT NULL AUTO_INCREMENT COMMENT 'ID',
  `COMP_NAME` varchar(10) DEFAULT NULL COMMENT '公司名称',
  `COMP_MAIN_BIZ` varchar(100) DEFAULT NULL COMMENT '主要产品',
  `COMP_MAIN_ADD` varchar(100) DEFAULT NULL,
  `COMP_MAIN_CUSTOMER` varchar(100) DEFAULT NULL,
  PRIMARY KEY (`COMP_ID`)
) ENGINE=InnoDB AUTO_INCREMENT=2 DEFAULT CHARSET=utf8 COMMENT='竞争对手表';

-- ----------------------------
-- Records of crm_competitor
-- ----------------------------
INSERT INTO `crm_competitor` VALUES ('1', '北大方正', '管理系统', '北京', '新能源');

-- ----------------------------
-- Table structure for `crm_contacts`
-- ----------------------------
DROP TABLE IF EXISTS `crm_contacts`;
CREATE TABLE `crm_contacts` (
  `CONTACT_ID` int(11) NOT NULL AUTO_INCREMENT COMMENT 'ID',
  `CONTACT_NAME` varchar(15) DEFAULT NULL COMMENT '联系人姓名',
  `CONTACT_TEL` varchar(15) DEFAULT NULL COMMENT '联系人手机',
  `CONTACT_MAIL` varchar(20) DEFAULT NULL COMMENT '联系人邮箱',
  `CUSTOMER_ID` int(11) DEFAULT NULL COMMENT '关联客户',
  `CONTACT_JOB` varchar(10) DEFAULT NULL COMMENT '职务',
  `CONTACT_IMG` mediumblob,
  PRIMARY KEY (`CONTACT_ID`)
) ENGINE=InnoDB AUTO_INCREMENT=5 DEFAULT CHARSET=utf8 COMMENT='联系人表';

-- ----------------------------
-- Records of crm_contacts
-- ----------------------------
INSERT INTO `crm_contacts` VALUES ('4', '达康', '12334243', '123@123.com', '1', '公安厅厅长', 0x2F396A2F34414151536B5A4A5267414241514541594142674141442F327742444141674742676347425167484277634A4351674B4442514E4441734C44426B534577385548526F6648683061484277674A43346E49434973497877634B4463704C4441784E44513048796335505467795043347A4E444C2F3277424441516B4A4351774C4442674E44526779495277684D6A49794D6A49794D6A49794D6A49794D6A49794D6A49794D6A49794D6A49794D6A49794D6A49794D6A49794D6A49794D6A49794D6A49794D6A49794D6A49794D6A4C2F7767415243414447415173444153494141684542417845422F38514147774141415155424151414141414141414141414141414141514143417751464267662F784141594151454241514542414141414141414141414141414141414151494442502F61414177444151414345414D5141414142316B6734754C434F4C557269306F3474495345704C556A6B4652534D4A4A4243714675687A474F33306D586D4A725673344B4F7433504E724B656B484C30324551557149495050644479625164324F72307A35797537746E6E4D5870586B3031364B67735A4A61516C706F6C70676C735A42776C716F3631315A553157456A4553435645496C376E67704C6E30355A756B35306B67683554716557757577784E2F4136386F77565A31666D5871486C324F6E6F534135313643527861516B494E6578544F62335A39486E36636D72306758696333746373354E6D376E367A5255736467494A756472357A3646656456494D4C6C7570356136375841333766546E79444F367A37463574367835506E666F434235314F616B636D6B63576F6446495A57323673585030327A4738725A6D686D7A56624D304D327974426372644D56695168374C6A6532756261426E49637631504C5858613647626E3965653275547348586554656E2B595A313336427752434551516F494D734E764F38706D3757783362513165566C6C676C5A5A6E775749647856374D4E553276544F313264432F655765517335504C3952793131327447315437633639657A445A31506C7672506B324F6E656F4C454A42436752494964646F327339625969696E53747A64334B7A766F36316C7363367A587964534F765A66724F66626A566E664F686D7644504C566D4F356670385736333948676C307A33735844717538387930686E585645484F5551687743435151324B747248574F575A733638686C39686B4C6671333843574B4944575A4A49545A56364B74303135764C5465576561717A6261716D323071714C537249736D715573477371737175697761794C4A724573577332544F72476274554D656E41737A56616C7974444C51704B7962646F62652B4D78674C457A6F43636D724B7A317271776975724149424F46684531516B565A6C5778546A4C37614973764371387374594C50516A5A78656532346437456D33776F617953774A4A4C42445A6F4741704F61364C79526B535341676C435443505063644B345156494A43577656306B636C6B7A487770365A663537705577735872764F38644B777437707956362F51316E4F71685375745569613579725A706E5555353559315575554E59575A5565787A3755446B64715A5575624148745553787648505936795747574E4F33366E6C486F755768636164726B4E7961666732715145684B556E44455658654648504542366F4978316D344C6A6569526A49624E5379736356717343534F5356794B704F62594F6979656A4C484E35747A4B6C367643755537613165574B565061345362494642316473557363584A4A42684A617551354B3953784A4B30795573304356526C4B575679564E754A4A3348504A4D383357537A7252535674466951384A516E70556B6B662F3851414B68414141514D434251514441414D424151414141414141416741424177515242524153457941684D4445304643497A4D6B42424653542F3267414941514541415155432F727A56634D4B6B78563039644F372F4150517145324A797150453264527A424933396D656F43415A38516C6B5476666C464B385A307455457A63712B716D696C6165744A62746374327657375872657232545631554D7661715A3267696C6C655575774A754A556455315148484576637737304564544545712F772F774265795A6152715A436D6C3233646254726254747A456E46364F7061654C68695075555136384E7149596F4A766A585452687651514E5478482B335A6D4E676A676765706D616B5A6B564871622F414A3769704B58536A6A7374504C4470747558686950743466364D736A566332323636516C444A7651482B335A7152315130735733436D64452F5132756A426B55534D4C4B33436E49516D456D636338513976447652707276545251753851766F772B693943543975796655574D64544E645030642F426F6B536B3832524E77705A6E2B4E6E6948743464364D6345634F5430564D523273306E363972615A61536A646A75327053456A522F566E3635467770366131506E694874346636416B7874504F464D4545345645616B2F627369796D6B6D6A64706A5550334351374874797A4F634D347152354754506B545A3464544E4C4A7778443236426D4C446746384E49704871446656517951546A55525366743252626F34735446474B613059545366595A3559784B6F6477633953746B66684D326F36574434385044456662772F3058715371534D3636534A36796F7078694267686B2F587367764B64564A36597762374439437149376F6F624F343663704577644B6432676D5A3774777844334B49744747345544375A685855623461385A564B6B2F5873683463394978366A566166326A4F78763436576B4A6D52506431626F7A3958613778733478634D513975677149526F2F6B30362B54416D6B70476B657167736636396B663436586C4A784E6E71794E7048554A3636655537496A766B794E374E354B676735566C4C4A4E4A384F705877716C66437156384F705877716C4E515475665A482B4C505A694C363144394E754E335A68474B5972766B794A2B7450526C49583959482B70424B53495A593055736C3469596D33456233664B49484D776F34674C4F36335757367933575736793352573679335757364B335257364B335257364B335257364B335257344B334257344B33425154427236324C577A7969376F573075544E776F2F774357706C64585631646456315832583258566456636C6431636C636C6431643171646169577431754C6457363631757454673448396459336D30336B644F5432563079496E5A6D6D4B3238533379572B53337956754E6C5A57566B636D6C39316272725736314F72354D764752654E70706165574757475764706B57712B626C5A454F6D434E2B69737264715139496F76504A6B794A596565355179414D6F5065497170674A575439475A694E52774D4B714A4E636E2B4D5473686D7A746C5A5779746D37366E522B65545A45734750384138796D6A47554B7258444E42424E4F686F346F684B313535644138424E7857387936727175764579734C4D7638506D325472422F437136737055394E5A5556626F4B535279637A73786B354679307374444C5179304D74444C625A6259715539636D527133544E7643624B317977622B4F4B5632686F7963464A556C7038754A336A6B4B37384C646D746C3043325A7279784E6D50434C394D4F6B63426D70706432554E6F5934392B6F6E773451695A394B6678775A3872636A4A67417A655352737951763953624D65464C5A7A772B4C5355382F577050374D6267636B357A753650697A573746656233624E305344782F6A354E357964555461704A433042653453506431462F42302F6E4E75482F784141664551414242414944415145414141414141414141414141424141495249424153417A41784955442F3267414941514D424154384236773161685145573043324B324B615A733056496E49797A32777871694D75474269457A326F396F55634841784B623756672B7161484250334179333276476F724757725572564E455634374F6469464368516F55555A3668523550614457464859484B564E4E6C73746B445034514F6749584642312F2F7841416545514142417755424151414141414141414141414141414241414967454245534D45417855502F6141416742416745425077486A784378434934544A78515753426E6448794A6732497166497556744171364C6B59434F515751524D584944676372384A46715730695A61674E4676676942312F2F3851414E52414141514944425159434351554241414141414141414151414341784578456941684D48454545434979515645546B52517A51454A68596E4B426B694D30556F4B6877662F61414167424151414750774C326669646A32432F545A4C5663355872466A4A635155326E3271626A6A32584362495579623031495676745A444D706859504A2F71755A33344C6D642B43356E6667756433344A73346B7754327937527230436D546B67744D6970486E4662305036564433434535386E6E707662726C545846766C6B5442587A437432486F6D7437676843464F4F397847456E4C397674582B4A6B4A77326C6864336369774F6365754B62726C46785265614B533749385656674356532F5A37335966307147693730614934747734584C39727450356F5254737362684E585054596B705768524E31796A4E41643862744C344C686767626B5052516C74306B4A37484765653971536A4D65654976474531432B6C4E3179704B79734D786D6C79486F6F616434625A577137693877675356495554646379594F36573744495A4F73726B505251314E706D466269663472624B5578334E31797957773751315174746C4E54334778525972697657336372627350524D6161454650633938344A35514F71473037514349445449414C30694278624F395732542B3662726D536C754B7768467A5A593479566F7464493931584336476970516231363357614B47746F676543486874455962746B466E744A65435944472F4C4A4142746E436962726E544B2B5571545370433648796E71703357614A7275774A55574B61754B63356A2F414247484646305330593570506333584D744653516E5253574E36515451616758596569593130566F493645723173507A58726D666B7645443456756B356F2F724D383033584C2B434E6B34646C784D4F344F762B4D386654656139684741367233504E6535357233504E6535357233504E41754C5A613568515A384679715461585A4B3145776232372B30486A44564F654B4E75653474754142577354723744565656565656565656574C574A3359465556466175456C567A613371717479304B6841753669616C757170584A67347478753963715143706C51385A47794D5532636A4F6935437362704C755A796B633334356B452F4C4A466A71466548452B7A753678474B773363495670324A556851627343754C4C6D637830502B4A3346727867697775746A757542754838697255546A502B4C4266473767716579784470754D4F4136797968654F716D4D6456344A7742703843762B6270354E4653356879696D62452B793948686E69504D65793679557536775137353967564F64456177546563476847727A3149566A723154596471566F796D69594D384B68455A7863614246353633526B4F5433394A535261336348436F4D316163633973507057384D6A55717933414A30544E2F2F784141704541414341514D4541515143417745424141414141414141415245514954456751564668384847426F62475230544442346646412F396F41434145424141452F496445306E2F774E6C6C6B41354B39514A2B31656C684A555865714A616979337357524B374C6A4838456D617169307A72676F34636870486F41396D773279644569686447366B6B31627339614839354D5349705763715A357A39486C503065512F52456C77654F4253715557682F47334D577A6B59367A6D372F7749646B52686F6E716F724F617A58774F797948682F5A637336776C64755837486C36486E396B6B36747153515A57384A5958416B624C4241726F62703868716231726253665168546930764A374576323070785A797946795468446B6C74664C596B7A4E4A52436F544C6B3873387676524F726163526A56753471685A455A44554F7369616145354D644B5158517A674736476F30706B59744A717A784F7A372F7742694E3333655034502B312F516B6C324A71772B6A6E314C73486C396D39454B69304934693646776C37676C416752495731304D5951573237456F5A64717A6A6B5968447969536165623266592B7845434E7434533978346341337659544273513931693377376E68396A7A705249695266575745726D44666B79555A634C52376B434C73486F434C7276454E486D396E7733396A706B7530776561504A464C6C76496B68456B554A49386676584E4A45705932342F4972676B4F755A596C545153316B5777563343344E554E55556A6C4C6369306562326646663252323470544A364F47345353374C2B594F5379527A3648683936354A704E4C4C52597859785A546D454374653078736D4463794C35454F544A444E4230636C64504C302B62324A566C4131376A3944554A53322F6F697777655A362F624656336248485248355664516D3534665A76526137556A7A5742705743794C43525048734B71565A4D7368414132476B69517043436F38554E7941534A31377433703866732B2F3841596B695333336178507554784E52434D6649674B555764332F596A636C38646D65503353535259314E43516C794971796757394C4C4A57754A736843384245334777316478376A6D683052786759354F7730537832436C7068716443504C374C4474327865724874673876352B52704A787461666762713064715633376A772F51386275713174594B6379387750413846714E6334466C647837676C59716A4644693167646C6D3343677844464F6D4B2F472F5A4934354F413869526A326C502B53476845796B71544169375A4E3766463672573049577832556A3763624E734E58786830306D74795373717A496552776B7945546979456A336D442B394B4A335742706F4C654B54644A645A644A4A39556175744353535361626D4955574D6959774B6C375346656B3968417843515530677A4A6B5859514652755153535353566C676B6D6964465361717165704D336F4A4175416F4C765A38684F4130355A627A6C69693345694965444D307A38467A576B6B6B6E5131616674376A734F343754753135446264636A55546151336B5137736B4D59585838453634646A71617641334C596873564B49736A6F43586B6A79523570395450577A314D39523679655A324862516468336E6564703245516D4A636B6D354C61524C487865544A466B517739554E7355467844484A754C544D4354436877684161527978637A4F786E637A754543455169455169464D43426C52794F6545544730664F4E6D354A30754677455A42583852456E6F4B42305773724A766753756F2B726A537861665A42465336336D704A6443376A30456C55676E544B4A4A4D566C675679326D64457A5169706E584E7A32734A4A6E34446B422B6C2F73534F4347356D39676C77595A4F7872495070416D7779596854736B646F545456716F71525130787145324F4D536968746F5242674979484E726C586F365356474855394F4563754F793476353245596F664F4873583859584261566C6A537A7539685258615430486F6F75537957584A507531426F5A44566C6F584E577731792F6F554E59676536636F36374575337A33444C316B57352F7748365A53436E4D636D6576714F69736E57644A426C4333645149324D783242364A44456F566B4E2B494D645A466A5A774D6E644F684963476479357045334D4959794C59627657474B3252714B7857434433582B6C584A654B795156776445534D35506F73655038413250595233544B447552624E54552F6F4B625134435230544F4D6D574F52386A336431536F7959564961494C44635952637A6F66415161734E6A325078425947714E643159694A724B4A71555744464A312B4E795A6C4D7664386A67724A43572B39306C5A492B593134573145594A6D67334A716830364554374D7134314A684B2B346A41736E4168454E425975504C783068373239364E4E4F35714C42735A45312F2F3267414D417745414167414441414141454237377636346A784F77573134646368766238756662493632613432716B7A727056682F4B534A586C77353832534A652F756B682F4D6F56614930363438677A41354A72506146796B313438772B35382B3452466F4E356C704E6D387938324453687555424D70374439596730333479704278355A35313579444E4C5A66624B445567376B6E54696B3238334876464663792B5043532F6B5263677170357A7236715974754F62396D6949326C61725231747262326D796D526775447548474C765959744A476B394B44496F50342F58416F2F766750596E3448486F50762F784141654551414441414D424151454241514141414141414141414141524551494445685156457759662F6141416742417745425078442B4D5058772F51534D53506730313350656161306530555453496B63783278795A4A6F756978445A4451315A394D64736C5750675052616837684E444954543969666D367451676C5750734A6C6244746A7643653753317358304C7767304E4551666364482B7866365556732B3664737246576347385338574B4C4C4B4B4B49794D6A4861446A48635652455A436F714B744951694B4C6668596F5559306D7943434D6A456E683672316E307430616F396155566B714C52492B6971494A627751734C52754D394972377138646A467166426935742F38514148524542415141434177454241514141414141414141414141514151455341684D5546524D502F6141416742416745425078442B44674C6475336235674962354F4E5A476345593838535264456E554B4279592F4C65556350456176435441775264736178484478713646725A48555138463348376A78782B4A486B4674685A643844334A476D6A6A3567653464594C554845774E75334C7137455252694341354D64326D434331664A5642746A534D62747471316B61347231664C51374A494E5A31774958334A4F48446E57434F3477657A67787157334D6368673934766D43666347502F2F45414363514151414341674942424149444151454241414141414145414553457851564668454847426B61477877644877494F48782F396F41434145424141452F454B4C676C73476F4C7A4B47355A654D7756735050705A435779383467347A426836616D43575445316D416167694D6442622F3544514277317631457A6138446F6645414A43396864516A4264444A6A3449387168383465484548762F68334B7076784C6C4B4C6C57673073484734723277536D415A585870676C796B4A7841696377396F5231664445352B45616D7677627A4C795A5632797A75584C7A63766D583052587244673268743456754A6D4F345131457A4848334F4C7655413657365571707A78695A685A57457633443057754B746741536C41415A5630675661437945576E695A3439426C777A427144356C356C5332356273664B2F7169334557626D637379385250782F787A465552723970716D435376624473376C596871585758626D4B646B2F4366744F6F5772574F6376732F634667756873756D6446792B33326C30573656592B7A4D4B2B6E367A4433674A6D366A64513175444C7144744C7842534C51554F34765841637176744771716449454E562F5A4B7146746B4D314E696453706E31376E455049394B79544973704635386B4E52754478476F7258782F615058786177685A35677A4D454B3155436B385136484F536675706A6A7962517458566169786C75595458746948423466724C7438517136754638787967386377473977394275636D49427976524D4974683939424674495A6F4F654A68764771797433416B435A5449654A535077496C75386C4E784A733146745A4B6D59516C6A516353756E6947482F41414665322F61477A3866766D73424A77433076423336524C4636436F62774E3970726566633546587A507876367A6C6364796D66366C45754C555765344F4E5334637A664B7448624D436E4D38734A5242574C376D416452526F643169504A5963616C50556C2F51536938515768434C6F4D76503569414542476273306D6669666966326E34333734593671437135307150374932385A5979317841575A336A746E48694643695A66754C5748535571757035494E51664D752B596B626C6F714D6B7779616C37795A2B554A757568314E4832566764355A71574A62334D4C56774D716E4A664D752F4B57334B7A44447A364F716C645673684F6C4A63752F5438542B30322F38336C7A5A436A625062355A2F7269714A7651553274585578654C43674B305453656B34565959394C66515863745547466D6F5A6A33637536626274784E2F646B4759457A5A784B496A5632537555754D7356724D7935534B786A4677626C4469566934556746764233463263797A56712F774178356756754C5469422B442B305666356334485656463473615344516933525042465458494649646B6465352B706E374B6270547A4845472F55314B536B48467A324467684942774438694245635078614F656D6F7756707A2B4A58674D6B506855794855426F53735141774F4C7A4E2B717A713468426C7735593453346870555468782F58706D3977314B6E346E39706C414D31574C484D74537162513257365A7058634C4F564B48756E76796578415142434B304849756B34666869624A62535147547A376B74384356436478555A6C33706C3068365A394278486F4333624C43756959715072627775794634552F486E75506E55365163776E59766E5A76454A366A2F744A594936335A4455594658437435597549576C674479776B417247624651314C753031365A737144362F3754584E312B2B58472B2B323641484E39456D7767386747717243754976384139626F4873746473417637426F51745074592F7154797752424E356D466F55376C672B494E6B346E6943446969584661454E516963385643354377776973724344703459614D546F6F43583537464D4F66754C6D4C4B4B7062544B4B43586B4F4F7A7A45467351664436653071347378333750397054715267745577564D41644748576350642B49305342307279764A38596A733146535974583874364A2B652F555665316E7558547A364B6C737371586C334C616D7A3469717075503363654141326648634F6A6164544365797A727A4C707570596B5459774D72426741766E6D497972764543306F6847576363356A7A45583342345567624E7A4F756765517A42784D4A71444454426B2F7742576C42683667624F6E33674B47467470577A6E722F414D64796A686B4A57756D706441704E42567850466B2F7245797A4E59696168666E30356E744F494B4E53344D324C6D4F6477356F74774648544D534D6176492B39544149725855594B68583970455561564C3075474845716E4F4A68665446594C446179314175414E514E376759314F655A6B754C475A773967677A64776639763841385442722F5874442F492F6963582B58784B4E572B503841784645624E69676231554773734779366A42564C536E444330727A4C714374453877647968327456732B3833784C48537374524E5A7767496747726A5A594441733947694359766E7A624B6D4B42464939756F435943674741366D454657705A654C6C697445737252467136693851424C4F534B557A5364354A666D49615A626D3244584D574648764C4A676C3334536C63314278424F62667A7846476947714A6E2B6F74505A4A6B665A6A756F4D744F6F794C68534B377A4E4A77515137546652334E784A53664949587A634B387345355746416D5168734B674348622B50514C6333505069575163384E4D56626B7331716467684939655A39595A3859644F47782B794F51506E556A4B70725A47476955465753322B374F55496F6363495249526B7558447469434334444D66774B316275343130665A466C552B35347633446948334B396E334B7878664D6F594A4552355744613766634F31476972564B65637135523773764E3854507447324549626C6A376C6E43627162426443755574507378554B516A6D794D4D7071335177736745307838734956554C696449667559537971697A65593659785936576B396F5361454F59462F6B6E543973423339382F2B6C4148557A61505371345A647846726C4B314737557A6168495A6D31366970705778676E423745574D37426663455A6974376851395167375134787A4D51384D50666F6A652B795839587475775870364F59477064682F434D43315A4254464F62574C7A634D5141357430415A5A6D724265426E2B494B6B4F5578526845375051594F70375A53344D764D75694C3754453054434C75426B63503970624A62653563554A62566E4D306C325A6C39544C444556586945584F6F494D38797456384D5230494365552F7741435634567868584350436275557133635655423331334F64784B75476D3555424B4F35654A41715656783277666341387372676C51776C543335693444696362484845704C4456474A596B49386B4272426957485A4D2B59655A4656736938356C7535536A4B32304F7062692B41344A757072387857345748326E4C4B67774C6D4258656F7151666D596D5931726A4D55653334352F732F4D334B456C7279504350443569547078776343756D485658696635642F455673437A576B3863766D4B30504543695744476A776D3158617932716C656C77776372544B366C79426C646A44434C365338384D323250764F476D58374A645674464479796F483067707967504572784B394D67674C594F356262326D5666454146563150322F31426471427A4C37355A4A7A4165676338754932644D686F74357938767A426435556D4F414C30745633544750756C773877564A645969756B34682F313476784C4E6D70626B454E394A553678626A455369426C57565A706E7965597138566958644E2B5A6A66686C3631775155783567627557664F5749467A42736D4E3577746530716F35732B3255413632346E44793878594D79716E466549414C374367504F4E514B776237366A316F5748616B794B32797669584B73487269756F72425636556977467967314333454B47686868644570576F375A2F6E4D4665307A6C6543356950524542594D506B4A59574C44537762753556517363475641585476356A4D2B47514F6254776254412B654346746D445944436B554D7661654D2F51507443554356573764702B4D546D5758586E6D5672655669664D4334446F722B5934334B6E527A4C4F706478484C69426D4A5A4D4338514B5A494D2B32542B76646A61746D44707766556F4D797A2B55714A597053313567477875554C364652736E4677757477346D6B55423977736168584C6476344355697545354F6F41472F774364334B447A4235472F346D54466B6551635647416F6536576353416D38576B55714F595162625863557A76304C57594F447A507769796E6F59474E4C797569456E612B38484766506F5A4C4C5A706C3849526F3145745359676D71544A66614F6C4B524E43767374546944414F70596673414C6642383978344D712F525238592B6F37666D4F313568414D4C437234777445784D7A2F396B3D);

-- ----------------------------
-- Table structure for `crm_customers`
-- ----------------------------
DROP TABLE IF EXISTS `crm_customers`;
CREATE TABLE `crm_customers` (
  `CUSTOMER_ID` int(11) NOT NULL AUTO_INCREMENT COMMENT 'ID',
  `CUSTOMER_NAME` varchar(20) DEFAULT NULL COMMENT '客户名称',
  `CUSTOMER_ADD` varchar(20) DEFAULT NULL COMMENT '客户所在地',
  `CUSTOMER_TRADE` varchar(5) DEFAULT NULL COMMENT '所在行业 代码，关联字典CUSTOMER_TRADE',
  `CUSTOMER_QUALITY` varchar(5) DEFAULT NULL COMMENT '客户质量 代码，关联字典CUSTOMER_QUALITY',
  `CUSTOMER_FOUND` varchar(20) DEFAULT NULL COMMENT '开发年份',
  `CUSTOMER_SCOPE` varchar(5) DEFAULT NULL COMMENT '客户规模 代码，关联字典CUSTOMER_SCOPE',
  PRIMARY KEY (`CUSTOMER_ID`)
) ENGINE=InnoDB AUTO_INCREMENT=2 DEFAULT CHARSET=utf8 COMMENT='客户表';

-- ----------------------------
-- Records of crm_customers
-- ----------------------------
INSERT INTO `crm_customers` VALUES ('1', '大唐', '北京', '1', '1', '2017', '1');

-- ----------------------------
-- Table structure for `crm_pact`
-- ----------------------------
DROP TABLE IF EXISTS `crm_pact`;
CREATE TABLE `crm_pact` (
  `PACT_ID` int(11) NOT NULL AUTO_INCREMENT COMMENT 'ID',
  `CUSTOMER_ID` int(11) DEFAULT NULL COMMENT '客户ID',
  `PACT_STATUS` varchar(5) DEFAULT NULL COMMENT '状态，编码，关联字典PACT_STATUS',
  `PACT_SUM` int(4) DEFAULT NULL COMMENT '金额，单位（万元）',
  `PACT_REC_PAY` int(4) DEFAULT NULL COMMENT '回款，单位（万元）',
  `PACT_DATE` varchar(100) DEFAULT NULL COMMENT '生效日期',
  `SALES_ID` int(11) DEFAULT NULL COMMENT '销售负责人ID',
  `PACT_UPDATE` date DEFAULT NULL COMMENT '上次修改时间',
  PRIMARY KEY (`PACT_ID`)
) ENGINE=InnoDB AUTO_INCREMENT=4 DEFAULT CHARSET=utf8 COMMENT='合同表';

-- ----------------------------
-- Records of crm_pact
-- ----------------------------
INSERT INTO `crm_pact` VALUES ('3', '1', '1', '12345', '123', '2017-05-29T16:00:00.000Z', '2', null);

-- ----------------------------
-- Table structure for `crm_sales`
-- ----------------------------
DROP TABLE IF EXISTS `crm_sales`;
CREATE TABLE `crm_sales` (
  `SALES_ID` int(11) NOT NULL AUTO_INCREMENT COMMENT 'ID',
  `SALES_NAME` varchar(20) DEFAULT NULL COMMENT '销售人员名称',
  `SALES_PAY` int(5) DEFAULT NULL COMMENT '月薪，单位元。',
  `SALES_TEL` varchar(15) DEFAULT NULL COMMENT '联系电话',
  `SALES_MAIL` varchar(20) DEFAULT NULL COMMENT '邮箱',
  `SALES_IMG` mediumblob COMMENT '照片',
  `SALES_LEVEL` varchar(5) DEFAULT NULL COMMENT '销售级别',
  PRIMARY KEY (`SALES_ID`)
) ENGINE=InnoDB AUTO_INCREMENT=3 DEFAULT CHARSET=utf8 COMMENT='销售人员';

-- ----------------------------
-- Records of crm_sales
-- ----------------------------
INSERT INTO `crm_sales` VALUES ('2', '祁同伟', '9845', '1233454353', '123@123.com', 0x2F396A2F34414151536B5A4A5267414241514541534142494141442F327742444141304A4367734B4341304C4367734F44673050457941564578495345796363486863674C696B784D4334704C53777A4F6B6F2B4D7A5A474E79777451466442526B784F556C4E534D6A35615956705159457052556B2F2F327742444151344F44684D524579595646535A504E5330315430395054303950543039505430395054303950543039505430395054303950543039505430395054303950543039505430395054303950543039505430395054302F2F774141524341466F416330444153494141684542417845422F3851414841414141515542415145414141414141414141414141414167414241775146426763492F3851414F424142414149434167454441774D444167554541674D42415141434178454549544546456B45545557456963594547464A45796F52556A73634852427A4E43556E4C68466D50776B762F454142674241514542415145414141414141414141414141414141414241674D452F385141494245424151454241414D424151454241514541414141414141455241674D684D524A4255524E6849762F61414177444151414345514D524144384139416969696B556F6F6F6F43696969674B49696949446E694F786F6F415A58564A6A656F575373324D763841706D4C366939546E336654703476724F3278785978484855345236614D6A6A4248715075616B596F694E484750435368684446714E7152754A424A4C695463726E556E776E63732B703138616E472F306B75554E684B6E474F69584B64616E6566486D76306355516A72767A4B764C3952346E43482B357A30786F62315A30797370374F705135536F36373064366D5636782F567648344E4D48304B47653255393174505644382F646E49656F2F315A366E79736A394B356A782F425642327958334D574F6B76594D74746F642F4C43454479546775527A4F646E31664A6D326E7A3774626B58393179424332624A703861744F502F442F414E58586F4C596568322F6A7542633250544F4A7036747A63574E786E4A76577161553057312B47574D58726D626A314443475367365731752F356B2F77434E69797830397A706B466956654A367A7875566A336C2F354E2F6B58722F4D7465366C712B367478483547507A596169545548634F35415A597074784C314733425A6343574D6D346D43756E5571576B432B4974626B4F617A704B70497348496666374C655A6C5030744E644733784B65664C5576356B2F4A797463536B7875526C624B375A5A4E5A2F5658336B554B485976377975706433736D61354C72327931687531714C334E5A68745746453971485547324D317338786A4A566475794B2B57745470376C414B312B5A46613233636B5833642F65413156364E6E34674237683852613253656E487131322B594F51726A364341324456623666346C69397661624A5439304E79726A522B4953692B74353769706D327663714E394C455852324D594C546A2B70742B3872354F4D2B37777966466C43734A796937685A48746B5555553642525252514646464641555555554234694B4E464565622F544D666E396A4E6A4C2F414B5A6A6337777A6E333864504639554E524275454551546838656F673148434C5563475855734949345247343547706867592B6E35684248314367314A38496D6E37794D4A597864704C4A37593676706F3859364A4A79655A68346D4732544D324370744132763745782F5666572B50364E77334C6B31664C2F384D51365765632B722F774252633331626C69337653673772537433522B576435486E72737566384131337861337959734F47364F3639394A396C5069634C367A366E7976557554626B63726B4875734655723249507A3970567958637561786261676532336C44382F65525773344D31735A5561324F78656E397071526C595663515A637168763232487366336C5737664854334F5459756A5A446255726A646D714B4F77375034697059746951523331397A2B597746677A6942625366673668335377745858342F7743387072576A7045333976454D7A466136455538492B5A514C6C79567369436231703730535A3034374C634F76316E33666A58356B66744D744E7656766B2B2F3753504B6251392B72554E4F6F466A46666647626F2B3873644C306A2F346D68772B626B342B2F6230427348736D5A68533145306D7A5276784C50457956766A6F4B317A552F547437453334596B6C4E644C775055546D41574179613330395037533273354772666A35645937492B512F5033507A4E2F676334354F45326A594F302B66332F41444F6658475459314B75497348327678444F7A63545971647A6E706F4E613879766E736A3077382F4A714945715879367676596A4A557431427962354B6A626369345755746B577A334A732B536C717030376C4D437273366C6B324A56726C386A59304E362B387A4D713658624C2F414C364E45736A4B4F6442644855334A6A4B76377539664D7334737037644A7155727158575456567275584654327962656E5569765A56376B613638786C33314C67733473676D74375A63706B70576873307A4E77557535422B4A6275505579716636673155365837537464577A7553465570766367564C75336342766337534B7942745A4666667636694B74684E796F43396E66586943583149372B3455376737742B5A52594D32756946395871565252426C69674A356B7178373548676A46756242526F3234323442526F32347477486A7764786267484642393062334D55426C2F307A47357A4E54506B304A4D6A6D7532632B376B646646506175613148334269314F4776535063527144434A5545616A6752676A6E554177497452686865595A4D4863446C387A483666784D6E497A58714654394A5A31742B435354692F367539522F7575576350446B6F347161624A3850667A39357669625765376B5966712F71334C3957354C6D35467750464B31384238616C58643268532B67666A57763935486632697458756A32373853504A6C6262646164374463372F486E74546D514D767548566C3132614E6E2F6B697A324D745339616A51486F65782B66346B4B2B37543531346856734B64612F614A5545572F354E5644516472397042576C66657463694435324D734E67397742706436594F303741422F45415651316F7457497255524B6D7A34684B3746714F7634694C62747532315041664D4173614E6E5331666754714866435A424250714866512F37774C67745873732F506753415A476C753874314872714E4158726D7858467368354E6A2F414E354D617465747132397554573950697841766C766C3075526447677434676E735165787234307977615779324F71392B3131592B5350697338546C317956732B3237717834372B4752557332444A6A386870507553585A636665624250487779366A714F4E6C70794D666A56746550764B2F4B79465242376B4843354C374B615251386B6E7A346E6B4370332B4A35376D726179632B5256642B4A443955317059664C78337857614D704E7A356C6B316D436332377075446C736961664D723766714B535739787162386B73696A713244617857745671375A433546726F364A42657944334E53425A724876366B6D43796D6C366C5556565748537A72714D466D32766A556B78592F6433727849634E577A334E4846554B394878714B4669715666456B736A396F466B715376664B6C6E7A4D716E753671366C4F31394C7553665539776B7235524657575145324632704370594F6A55714E6E356B754633667558424E656F765A484D56556669505937325244314D69444C6A4F7750356A557062586D574854464B6139313131467146714C55314642714C555055625571554F6F7464517452756F41616968616A366742457350555A4A4B4B6D66356D4E794E7556327A617A6E624D666B395A47637649372B4C36686A7852645469374562684442434553774F4C43474352786C426A4847435244417165732B6F31394D394F795A3270657A2B6D672B477A34332B4A35706E76652B5331396E757371364E486336722B74655861755442784B33414B2B35506E6535794A5A5641562F61642B4A6B656679586269457858463738394F2F6D54342B4F3348517165644574636269755232412F77417A64347670397A48586465767437664D74366B596E4E726D4845304E6138514E61587164447A6654375533375466324E647A487A38646F7270454E7045756C6D4B3376616E672F6D415A4E72754B342B494A56387A515033372B5969776471616B666A704E784C6F2F30366A55534E68644739536646692B6F394A725733637062562B306C785A4C313672322F7641504A6A2F5737736533342B385A78577270705A2F784A7132626D37306F7034306F796174614E58646764624437776765493064716F6F392F43797A51315378383264362B307255537439364E4A337154707045566444334C426434504E7067714E305865756957736E4F76617930485439757069556662617031352B5A713072377357366D74655A6A7154645255354F652B53373954746D666C4F396E69584F5458395372332B4A53765A65745353414437794F39744F6D477674724B376233575A594A7A49657A387976657A5A2F45642F654D54515775745171614B3977563146742B4946376A496E78314C31485665706C596977476D57363557744F325A6F6D7659326A4B3257336D4E664A746B4E374C736B78556C4C4B366833426F37494F43716D39654964686574645244465335726350427633533459427137434B6D41483450326C3043756A755257796165704A6C7131455A5842575153466C68433649314B507A4A4447704B6A33654B4B4B566F306150476C4B5561504768436A786F3842526D5047534B4B326658637865542F376A4E6A6B664D7875542F7743367A6C35506A743476714B4F45596A6D357764784248434D527957425277694951536D6B485562542F414A362F6D47454739696C4C58664661712F7752496D764F765838396556363379736D314333744E76326C506A304D6D5171427438534C4E6479353874313776646638414B7A543947342F767A6D6A5961577A3848342B33377A306649383332747A303730326C636458532B3538366E5359754E5374413064666955384E4447314E624B706F4A6F462F48356E4332322B3361535970637630367557726170704859546E2F5550537256624A56646E775473525076417959736551527154583673507A4B38767A384A725A50616D7678495441696D6C372B30394535666F32484C744432372F485579736E39502F547332457562324573386B2F724E386269373455736F502B4A466647752F4D3746394479717055302F4433715663336F7162536A3776736E6E39705A334B7A6648584A754E466A4F78364F357535665447746B524E2B4858557035754862476F6D2F795463366C5A764E6A4E3363647535506935425871346F485865704F59482F2F4142493738633933694E544247656F6241302B4F354C544B494A7345503853675561333972356C334658574641332B642B4A71564B65696D523237504E667A334E55736D48644642504578544931783154513032483438376C334479584A694165676B71574938325461717367624438537A6B71577274504D723371417949725A5658572B7048577665355A2B6A652F59524848735242425936334744636C76564E6D75794E6A6F32746F4A64456150326972565857706F594F47333879312F773471624E6B6D696E677871625346616F4361366C70782B30314973682B6C6B305562756E5552744F6A634E6F746E5275574D474C7332454B4C693136374E536539517275534257746441654A4665336B366B4E414C7255497344755158733736674F5233356C6871584B65352F45694D594F346A492F4C4862376C4243654A4A53774855722B3650372F7A4139356969696D673378476A786F556F30654E43464646464155544645774B6E492B5A69352F3841335762504A656D59326276497A6A35586678497945616A4243447163593748504563314743454573434E517A55414951537052536C367A6D727876522B566D73364447682B37314C6B357A2B74387258307244694C675A4D6876727945764D32347A626B317739565550683873365430617447314C4C32646C66762B3877654E67636C2F30506677766964563656782F7067707133696475726B63654A74624F4F7932454455734A6D545A512F77442B6956414D656936672F496479376974695139754C4B6A38677A67394256795A68426F422B386B4C767A4A44446751576D51667A75453463436530726662383759796D774A5A396F37366732423868476350487262626B765250686478767030626270796850736B6C6839485447613749767055763031482B493556713935422F326856745565337639346859725A7654734E7833516D527A50524D56757164612B50696444664964673766744B7472627371522B72435466726B4F5436526B784B6C465077544F793866794A704471643365744C434A314D336D38484665712B7733384A4C504A64397333782F77434F4135575056742F5069426779754F2F66592B53616E713345634F52506A7A755A446F4F392B5A364F62733250505A5A63577558556350767234666952385459365871423772754578697454784A654856637461677273362B38742B4A2F585150444C634B6C774E61366C43334562446F6E52593668677054585165497867782F2F556E4C394E2F6A575678754556786D7A2F61506267445A304531766148516453424E5A4E536671722B59357A6C3862364849614C755363664254336261376D707A754A396135634F7A2F65526E4673564164666671616E637869382B306458365A2B6B416B65586B496157574C3455727058637035385470314C757335694E792B355A486C564F745158645876754A5649445977626479795633585A4B394439587A4C644B2F706A5244657A58797369746C496562796B72574A51626366477044642F5578724B4471413233414D642B596C31387750646F6A56666462556F6B33464A4B346E7A385169684139366969696D677A46486A51706F6F6F6F436A5234304955566E5555567645436A79587A4D624B2F77444E5A72387431565A69354C5031576350493950696E6F5177686B5979516570796A6F49574F4D4568424E476C48466A67522B6F51336335622B756B635046714A74563045367255356E2B74635875342F4551374C6F6E333853382F574F766A503941394F4D2B427A5A4B61714F6A352F6562324D706A7470536F664B674248394C3435782F544D5749337370742F646E4A657238766C2F57746A795775314C64564855336D33327A73356A7471637A303757375A61653735582F74442F414C374659336A7A6E3442362F77427035702F635A46643175667A4A38587143574275302B3233716176452F6954762F4146365A67355A6B364D766635376C716C6C5031354455387A7865715A4C5872537552452B6173364C306A31544C6B437557366E6A624F646C6E7475645333493670747572577461582F43366C64726744396641755033714C71426A3542617531462B4E65593579375573487651666A666D54577373455A4F45333074362F6932786C677763624A6A554E6E3348616676424F566A755076437A2B5167587668587168522B395855656A326A796357777254494A38623879733176562F5579624C5A332B69792F686B445A5232546E57345A6453444D37453338535336677372354C674B2B5A4974637A363371313150493631397A377A6E637455565047395462395A794E6554703745337237544B76583358317331726339584579504A33647148474A7237532F36566A2B707A735965566C6574514472736D742F543244335A7332594F716D744A345A727135475A3962717845576F6A71656431683548656A376C4A494553645149587271436A76636B54754E72586B6845475136646B6F5A304F76453072564C62376C5850782F6462577535755669786E66534C75776A2F5130654F356672786D703330527246616D6B4758394A6C556365423933695750704953616A54572F6D52337967736261597035385474516C4F3570307A544D686579616C4C6B342B3150764E5457617246523879444B65315753757A777363777436392B5A594B64565754347136764863587359574933615558735949443468754372356B464C6533706C6A486C727258326D576F39736A376A52626E5244373667783430425252525146464646415547336946427434684766792F7744537A45762F414F347A6135662B6C6D4E662F577A7A2B54363950692B474A4A57526B4D556E4A3153564A49456947474D314548714F455957455368616D482F55654D79386E6763667262647376774154664E616D44797266334872364B61775561682F336C6E723235326236573742374767414A2B6D794F76397645356A6C2F3275504A5A355144766636762B7A387A72735848392B4F326D3233576A66524D7231443033455A5066664837673654577A3935714A584F563956394B783772666858766F326F47396666554B337150384154334A362B6C6C7772387464682F695748305869354C5A44326F584E626F396E38664D6B394C2F707A6838666B57795A38706C30617256723766356D7653546E722B4B5754306E4461726D3457536D53766E394B626763665062426D37386A3253787A665365663662794C386A685554447666365564483353557234755338734D6D4E47796151324A39354E2F7744566B792F485838506C307655666E37454831446C5578564D69396E51623879446A656E636E455632496132376D56363379476D6175437A7472322F7639707A6B323436322B74576A316D6C51336653765A397059342F72754857737171756831356E4D4F4D354437696C724C386B67654A7963655261466B50496E69644A7A4D636233586F65446B34755251746A754A2B386C7456546575703537782B646C347552787553314C47746236334E72692F3142796156437A39512F4D6C38647A5770354936504C564B654A52354C37614B6A345A4E673953786376474471746E776665466C772F5578703545376E4C4C4C37644E6C6E70777650473252767458656D5648727638546339593454694C585048336D445A42526E7034737339504C334C4C37507672652B79644E3646692B6E36595752336B57792F632B4A7A574442626B636E48687871743741423531387A7473654B754C4858485878554B6E3854506B7672446D657A6149676849664559455A7831765246656F795179716B577452716F4C676436376B567262365045735A4B694D6F5A374F49583754555A704F554D6A582F41424B747339713531585A492F77433672624A74365A447962445A526D70476256764C7A485343616C4F2F494C6A74376C65392F305063724E6B33706D35497862566A2B35523176556132527337475646757577334C47436C6E7A38793544616D78325133767550664957332B5935677448654F3632794370594265756F693451737837524A564662616C67735850634C47705148667A4A6156476B66326C555A52486439722B494E636E55626B3271654A574C52687236443266654B42755075615555554863623351446A516664467541555548636663614867323852626733645657455A2F4E66305063786250363261334E742B6C6D4F3639374F486631333475515977686B5A44435A783032704B736B723349366B6B6F535973756A41686842416A6A414931715A4758475635546B414731302F634761777A4A354F5433637177483653335573537466694930506A636B7A594D65513237332B47552B4A5A41323954514E324F70714D3336356E315030652F317672634B31736474646E777A4F583162485A726B70377A65746A334F31746A5530794A34744E3751332B5A6D797453755A343344357565323868394D54537173304F4C3664517A59793157326B6476624E5452725148556D346D4D624E303864455362533349664E6770546A32753732483854692F552F53503768746C636A5732393731736E5A2B6F5A4F7A475054356C4E34394D673154704E4D6C395830543350627A726B63626D3463685444544B5656433152423138796E782F5665626879426533315465725674722F72384D367A6C32792B6E6374706C4670385731342F4D6C7863586738753579505A783735506861367350352B38334F2F396A4E342F786A354D58433955537062365849447648633076375079544F7A2B6D5A754C5A3032714476586B6D7836763648584B2F557835666259646D6E656E385372677938374366322F5078354C3066394F5432722F306C6E5766316D382F37465830372B357835757264664B696E386B37666957766B34324E7656467162506B6D527776544F4B327279446B5A6E534A72476F663754664D6C4B304B596364396557317A573339706A75792F472B4A6B59503955557258303749687033385469614875737276516264547466366E523456714C2B70384336576335366477692F747A5A4261374E562F3841742B4A76782B75585075623032503665394575634C4A366A6D665A6B3859617035506C2F663754534864526C5844792B626C625879574B636569343659366E577A2F78434D756A57325936747430736B3952594350715255796A38366B7448335442426942456F786E7278416268436B736F386D3148596B74747055354F46754B4F6A377A63537A30784F586A4B32393950507A4B643879644C7561484A787073334D724F4E627535316A6A523774633064376834754C6D74357271507766626135376B4E546578567731786970742F4574526B5975496A2B76782B3076307755706A3372544C4B593365676C586B32646148715A305257795672625247746B3261656F474B72664A2B434E79364E4B4B4D51554F566C4E6F53746766314F32426E73755232776143396B33497253706B4472636B795772374F6D5A6A5A712B65347671723879344A37425A6475346974447953753548346A665566757934506F50754B46714C5243686A513945576F41527A634C55576F41786268616A616B44626735503944443142756271796F782B6476324D796A6663324F625839437A4A4E625A35753737656E787A595150326B6C5258754D61683138795374344B76556B47414D49594D48754C6344714F4A436A334D7A6D55635766616178765A62382F616152334B5071366E45712F5A6C6A4E4C6A35675133732B383063576330625A7A47486B2B3130716138537A58314144532F355974732B456B726F586B4274552F7A4B584A35755379593842753133522B4A6B3335755850597067422B3775574D47582F682B55796369776D7650325A6D573274575354577267785A4B70584C62616D326157476F4858775441776572344D2B5A5339554F6C48782B383038584F70375532416E6D644E6B633830334D52796233416F6A6271524F517932644F3979486C4F54692B33494F77545A2B4A7A743236334A3678507A2B42693575464C673231386D397A442F41503479466C78357230333862334F6834326379347977394A736B723558356C544B78654E36426645435A62577365506362503853376A344E363239755A4B723836365A664C6F616732796D6B657A374D5748762B7139754C5368757037482F414F315458663753766C74656F6E314650326C6A4C6E436A33763841655A584E7A466144373033342F4D7973596E7231767235796858336F6467392F784C6E6F6E447934714831734E587264562B50346C6E3076673135476133497A644B2F703266453271635578613969574C495548797932334D695353662F5659764B345632675971425862623764736F32774A303748374D37472B4772585454585776457A755877363248565A764D6D4F4E7533584F68706B7446386E784C6C7549487871522F53614F6E784D3452453255314176734E70313935644D41553372755675526B78673062412F6D4A44565A796C5256366C666B3867795955787666345A46793756614A6A7550387A49637554485A4E7A704978653738466B7A72306E63713551795063664C647337656C2B30694633355A75526D314A67723762476C4F357155794A5532376D565732764D6E726B646133314C694C2F414E64506D52337965377156573671437738612B38566D63466E454F5062727A494F626D4C554439355974594B4F6B6D646E48766275575257646E2F414E6241726444524A736C50645A5752745376356D344670586178494868695654555456504D5768616462674C396F626256646169706A62473430665245614E56366A7770525252514646464641555555554251636E565953794C4B2F706847627A6B4B4D78776D6E7A31396A4D7733504E354C376576787A304D496454754162314346475962534245455959347978447352464838647669554F654A5739566F7670396B3831526C725A55335A412B36366D48367A3637783856663762453173585374377667373848336C35357476706E727153653262394F2B522F536266336855344F6131777663426539655A506772706765725A4D3248696D544162617533396F7671346B395273384C69592B506A5061643638767A41395634314D324731623956756158375449394B3961746C6670333357783170664C4E327735734C704C43486A7953356875754C76774D33702B624A6B785A646A73646237502F414448786572386A4656484976345875626E4F3447527874616F6236426C6269656B59615A4E3867392B6A6F313079327A2B704A64562F5476366A7A342B5959382B4939696670734C2F764F6D7279483148476D4D3246653358557A7A3050302F4F6A624531313371726F6D37787365506A38617548425170512B4E37334D32792F47354C50724F344F6478587468747664582F41476D6D5A746E6C6D547A3675446D3179682B6D2F542B2F784C47504F576F4A2F6959317236762F414653515A4D2B724D67637576457235637137374930772F4A354774397A4E766C632B59626636612F4238785A3774724A755750534D57504C6532544B6E747167623632372F36537965745A76334772774D754C6A38516172664A633055446576336C7A307A6A354C5A6E6D387137612B74555067506E722F453572317A2B704F4A365132786356706D354B61416630303338724C76384154583956342B666A7267355347514E44344A3138666A74393179386E636B794F6D756462666956387058544A6375554D657A5366636C4F2B6574684E6E2B5A657656787969484C6A72625A6F334B74384F742F39475475553934624F2F774178584379724F625961315070366450556F386E6A69506443723545334E4644364B624231356E4F656F755555726C642F626331496C71707A2B4A78315848656C6266682F375446355742725A3163744A626D58366933752F797947394C7530647A63633756572B7A704A4732526B2B51666169646B67446271574963762B4A495A44585441636674463346544771724E43576C7631486A556E62674C4B727338534F2B524B6F734331396452426C666B354C4654544B356B64644C453262476C695251746C504D454E7662433971486348534D6F646444703769624C3878746264787971794358466A2B7072637556343555314963426F4E53313732516534684869434B61696C464646415562636543723341573434774F397878674573697972375A4A4938722B6D455A504F6431647A50416C76314B337478727657706C567A42387A7A647A6139586A7670634E5277366C657559595A6B4E4E7467486C66424D794E366D434547355466556548565332596465644735446C395A7255586A55483757742F77434A756357333478653549316567326F66764B764C3576307870786776642B64394577632F4F35576466666B645077536C7965613866485A3936614F32644A342F396372354E2B4A2F577657667059724673725A2B64506E38453566455A76554D7A6E7A715971757738442B435257746B39533569716D4D652B2F424E45397461464B6756445154704A4A4D6A6C6262647263775A2F666878354236547639356F34677A343274757A777A6D2F5338366C734E6E7364312F4F2F69645677366A6A4E5468334D723038646247527A50544B4E746131396B36535A7A67395334694E4D6D573950684C4F7A39353132586A4F544767392F444F663557626C656E35337861722F6A5554722F41467179515870337237573767356F324537397870332F4D766E7266703375373934506C446576346D52626D38446C4A586D38537272353132537A67394F394435496C444E6A3330617976556C6B5754666C62574C6B59636C544A677A5576562B7A334A73667147485A537A35384C317163316D394279344D686B34484E74512B50636A75515A2F542F574847324D2B50496E79434C4A6B2F77425332796648566376506935484851525473575A3331725939544B3949727A625A476E49326150444E712B494B434F6E35475A736B7179327A346A6561364A48666B624633494C6F326447676C546B3867785654666637784A70626B314A796553593657643976586D55736D54336364754B6666536D706E573556755679557176736F6266792F65616647782F563950796466477A387339586A346B6E7435652B376236726C3839476D61777139756C3876377954695A383348796C3672564870657479626C597664573167564F2B6F484178504B354E6365397276722B4A706836422F5450395230354E446A386D3458445274374A755A2B50544C7478332B6C6B31306561762F69655233746C346E4C4C433174563865476433365036316650777364375732485376772F6D584A314D716259735A37636E6938677838696A563376666B66325A705973706B786965666D562F38416A5047765432637246584C54776E782F4548466D346E49736E43797448663841376554772F737A6A31347250632B4E7A755734745A6432786F4F6C363266424D4C6D38586B5A4C3270686F316F65624C322F744E504A6B766A73307675714F6B656D55655A79676F31465835376D4A6372574D48507837555865742F6833494C4771707275615637567456416B445848576D304E2F6D616C5A735A475556516B5458325532655A6579554D6C6C714953472B46397275626C54464A745A664C4A7164563073445874733964774779724B69533662366C624B71704A5777655A4864463252494968373148487263423872467556526655463078784538794E6A4543587150564E3953503468342F77445633417434486F6B36362B4A58785A4B5632535833567362475A48764D6150476D6C4B4B4B4B417A346A52337847674E464646436E6B575630535751353365772B6642496A6D2F5738786A7732566E4B6638517535505A51624F7436504D36482B6F375957726A795A696E33504C2F6963325A2B506972374D4A6F2B35327637737A2B64725537736D4E50466E2B6E6A636E497670316F70563758382F615665547A636E4955585654785536412F4D7A38764C7665794F716A3458622F414E4A42664B32586676543772716465654A497A3133625672506B7859774B585333324F34464F546C4B494E533332575A6E4A35526A76374D657436326F794C46793657734755526646683850356A476257332F41486861716131594F7A3866632B38774F66793763712F7471767458516238792B5A4B7146304538752B7052484466314C716D67644F76432F655646726A346A6938656F693376322F634A46664B746B47534756795A4C5A487876515032673547714B56422B386977324B7A5263677037446655374C30626C4E38595A44566B48587833397078466C2F7438326E2F347A6F654E6E74586838624C5479597858377A6C334E6A7234376C64726A396C6754554450774F4A7936706E7856742F4B4A4D4869657243417666795451707A746D78334F5078364A6C5575622F536D477A6133477A4E4638567432544C763841302F7A634674616466467137376E573475554F6C642F764C6C4F52527070434E706B637477505475546A303563716E326D6F34363178366C374E374862554355382B5178343133715A7431645A2B57314D475236302F4B5376794F5A52707173712B70386A532F716D52666C614E44742B30314F64632B75387135796564576C55487655782B626C7957706B4C4C74422F6265396635314C4F4448624C6C4C5A48394A322F744B2F4F79447763543745637437584C664B623066786F6E626D534F585856734E365278375A3874366A6F44746669644E586A6651394E51523970733264372F4D772F52374750693573676470307A652B703776535633757964376D3566626B356B4E35725566434A2F4D443079707876584F4C613169745734712B507A4A64466561487733442F6542666A577A3869325048665673646B4F764A7557724770367A365A6D395435467562784D4E61344E6F354B2F36564838772B4A7848306E44597A5A716E315157723270353643542B68386A4C6B39467A63457955544775525873555A537935586D34636E497958766C7A5672567356446150326B6C77733170307A63546E5778342B4C6D2F356D6E5A5930666E722B4A44524D56562F3068317337482B5A69464C5572585054644E4A375555372B4858782B526D6C6C7958715A38654C4A5641565877623132502B5A75644D574F72343254427A7546576E4A4630614D745862552F2F774239356B2B70656E5A75492F554C6D624376575770732F5A504979446835616A5677326357524142377176335477376D3336627A384A6477386B726976627276756C2F7741622B50325A4F754A31372F717A7179593577717034667647635831483239397A7050557651746A794F4256302F7174692B7839362F6A38544978553162733037303750444F466C357674316C6C697338656D4C45304B6E75666D554F54683968306436376D316D774A59666A557133783162747247776B6E525935363950314F2F4D69754652314E6A2B3372624A613930714C314B504B7759693976626B6650326D35645A73724E652B344E6C424A4E624731465A436D2F69616949724C7143625753745865745155307968676A68454554307743415952565044497866764346447A46456C6172346C7246547276556777466D71683139397979443752447A4D306538786F386161556F6F6F6F444D47452B494D425266455869596E3951663148786652636251316D3561666F7856664832625077514E626B5A386647774F624E656C4D5A35745A3045346A31332B73736D5574782F54443664587079324E722B7839767A4F65395439573576712B647A63374D2B3366366359705776374570653676696F75766C69524C52587A5A637431794E3771375779786C732B58522B44555A736F39642F456379687364436553626B786E5255716154576E345A48624A6C42705847574E4C74656F526C76725A54634C326C74663642543773704758375331386C4C705849757838672F62636A75474D37734C392F45765A7546377271583972397A76637250487859332F6D5A68666755366D51394D726A347975392F4C71562B4D4E723276595872652F7A433565656D514D654C66744461766C592B44526A313932425053396131412F6E635637626F794A56733669524B392F4D4B4D6434637839367A523944354876346E30624F327136334D796E2B6A4966657247394B797550506F64444D395430764E7974334E694C4F78522B3436673035764B77476E396454353333443935593349724A4F4F4F737457735072647A794A2B374C334839624F6E4A6B412B32357A3938547665756D52754E504D76356C616E6464546E2F71486A34364B57483848624D626C2B75636A6B4B557271722B5A6D2B30507A4844636B346B5339326C664A6B795757316E76346A3473616F2F50336B6C4D5A727557634F4C3357415050522B3831366A5031427937754C6758445A624A2B6B2F4D6F3832356B636452367051714832305339796256792B766366696876466951736564766C5A53356852356554366579685A44666E5735766D656D4B74384C4D48482B6D6931664B485A4E6335464C635774446F31342B38787549304D612F44314E656D484738657473614472377A556A4C47356536357934654C442F76492B5A6B654E36686E754B654544374A2F774475574F586A733179747168396D522B74597978697A55374D6D453331386D6F4E52656B38792B47325832655632392F44306B6C735A2B4862366D45733456576A5230303335507966695A47484A6246647458585A704835476150463952576C634E37366F4F39574F6C2F65465447546B38703358477239374A732F596B744F507A7133396C41796936613730392F654C3334386F574E43472F645630722B387530785A3866754D646E4B74526662354E2F395A59692F77436E5941395072544E557259587064702F4D664A6A7956713032587276614C332F4441342F4C61314B4A567470337330372B4F6D614F4374655878725A43685270353236332B30314C457352634C314C6B385335546935584A556475444A3866732F4531544A7776576E654857446D68336A7361392F342F503854487934452F314739654C486B2F6D566551587869356875482B6E496458474C4A5A6C4A624C7361664A785878336357576A53783548352F61566234364A7258556B343372644D74613854315A2B725852374F54512F5654376537376B584E7858774931532B4B2F2B6A4A5632574A357576485A665878316E55735563754C474B6530543879686D78554654735073545253326E592F79514375784452755A327773596D664462334672477836414F32525734376A7076576C363172777A6F446A643941664C5A38794B2B47746D7931316F364E655A71644A6A6E72342F70324E2B583779726C716C33667A385456354F42393670313864654A527A314B6976624E79366C56657943734B7A415471616944725274525158583269543948356C6A67577157666564423266654B2B5033354C58785666614D6D2B78445279564F6E723753517A324479366B6D4C45706136667072354E53484C54323364655069423944526F487559766379714F4E7144376D4C334D42336355483352626755665875632B6D2B6838766D56734638654E396A397250525049725A484C5A796369376B795864327375315764392F77436F6671654C42364D63415332586B7062572B7970382F7741733839786C47713375564132622B38524B4C33713630622B336D48577431646855506E63703335654F6861754D32766C50695067727A4F61576158396C513332625761325246757A53744E3276742F7753444A7A4F50515152666A586D564F58784D324C58314C74684E2B59334678303870763841636A64524C2F653562415973612F754D68795A4F585A2F556F2F6958736257746A6F314C625848616E7630622F4A417736317A57747076627638797A6B34394D5846564E332B56376C69774F5859485869447A527269642F4A4179616D304A627831583231504F3555786E367A3935657841334E2F4543516F5665783339344754743175534E6B6462366B566E6469434370553975522B53724B4F437A584B4936376C2B6E2F743550326D627656392F5A6B73574F68343252746A652B346137325368784D7567647934324532546E5936536A713772374C6550686B61534E794A355948316E6369366B656D4D65594A62666D53566753343971457475616E4378743354634E6D2F694E7873507378665779476A577757592F717649625861443079533763572B707144683562764E63792F715656667577336473696E68676354486F624C726669544B65354B6B37534F577038573865465236334C6E413542657A532B744273314B4A6C71595772352B5A467873786935425937423748375370576879726D51734230766A3778756269637670504379486270713637313538763369746C70625A6950665A31725234506D53325733704F45617130756E5A73446234542F764135764A6A6168386E33697742372B7A5A3970613535536F665464374F7A5869562B4D65362B70466A51786355752B37446B635857394A73683135764B34612F56786F50587572743333396C6B2F484B306F4E6E2B4A466C7439664A2B6E667433345A4E4776673958345871474E7079436E314E41624E61304A312B5A70597347664654446D346D527A34713057744C655466352B58384D786544365278656661744C31396D6B33617653666D535A7348716E6F584A7363504D386A434F366C6E3953646E5A396F4855344D2F4135664565506D48466D78674A62712B39646F65475566552B426D3467625339656E66772F6239706E592F5765467A3866302B6267634F65686F39796C742F434C382F744C35792B62782B506B78747A6D594C31307137745238644A396F6D7775566963304D6551746A3255795630312B562B304C3037314F2F70316E4730633347733663533754386E326D6A366A6A776570384D6545426B773147787654763976764D476735614E77544A54742B3831756F36584C7A754A6B544C6944366164763266732F614878632F41795A6779577272387A6C544C664557754F6831757139503332545539493550477974722B7A7432416E682B306C7A50697A622F57316C767866714A6A3975767842776366486D393636414F70685A76377248652B536C646D396E66784A654A36687A536C724E64564476637A6B6B2B4E5A522B6F34444C5778687555302B55375A685A2F543872634C6443663676763841784E5050366E624E6F4B46652F4F354679665544466B78743958445853533750385A726E2B5269634F526F37552F456A545A73385451357649773869396D74504C2F695A3649703851672B4E59726E6F707348732B38364C44366664774F61694656464E6550744F626F4459643631387A5534587132626A5972593039346D2B34785A546376492F577947465371365858544B35787663627937334E6269596358714F656A6A476F2F71756136443852736C7357544A5A7147717255362B305344325248346A4B6B6B314542396F5648745975354A6F2B3048327742376A587359386472336456714B7238416268366D542F566E4B65462F54484D79447131366C422F64314138762F714831444A36743674794F577131326C4437423045776E3335626862627430424C316E56746642385138654C717562514C594E66422B374553716C6348307A49496949642B5364482F5432436D576D616E572F6273362B506D592F4D72724A627662625373312F51636C4D576131376253754F7A6F2B5858556466436656662B6F4D645432744B70564E477A7A727A4D6641616466616150714F5732666A56745A4664722F4D7A73547130632F437249796175585645314B72614657787056364A706C4933726A3365787658784B75546B6655725958657A7152386A4932736D2B7046552B4A414749336C312B5A656F586270725851626C58474A6D5536314C574F3556624A7262414B3964666D52664C4A3735433158576956363971737170617571582F615A746A39544E4546706237616C4244334F786B6F6B3432583257302B47616D4C4A377154484B723450326B324C6B58785074546F2B4A6D785A63614635473951446B557362574D3542656D544774533157584F4E5564327339487839356E31754B6467535A354E4D644E6538502B386C6D2B6C6C5775567931713033313970693556795A746232623877732F4A6257537539666467596174683135575763346C75744848773872674D6C4561363730396B476C4C5576373036503935506A7331347461476731333172754252335A3732486D626A43532B657055665A586539646B72593345386A2F6D303250323668587439532B67304435676C5436306F30723561566F48467774424E66557235667778554E656D6174523970667039757638416F795048514371584E622F302F503841454B6A5534655147756A493969692F752B4742696333494E327046777A395735426B5732525637582F764C4F41396F4D67754E6E577478365074504F767A4B376B30534F2B52664449725677632F48675657777072706C312F714C434259774637686F5638453565797235592B5062614D4770366A366E6D39544375576D4D725632653267492F763569345071484F346D477A377671594B363933334E2F50354A5255725664752F784C32524D486F394D4B44624D74305049613633426939586B38666E6532324737544A76757736512B2F377238537535586A3876335A413931564C61503032435A5030633243316375443346697675552B443777373836326643567674513172372F6E3934694A65546E4D72616D4930354C7674506B4A62344A6A78357365465770725639664C393548784F493436553547593774343638514F4C6B663733566E59694C2B2F6961574E65786B7755544A612B74394B644A4C66417938613247314F52564D6161326E544B6C765537354D4A6A7A566F3636322B65704B35634F666856782B38707235504D78576F6776784F4B656F61774462472B492F4A394A7563624E79737543786A4470666A37514D482F4C794E2F7162303948336C376B6570354F5477636E467A5A457259316F4F706D395356636C63702F6232614F6864752B6F4C78622B316D7464783436685370734A585630784F6B786E5677584875533078745664623631706C6C74552B4352586432326453367A697A7875586D346D636155515473423079304672554C6651652F784D796D613958702F774179785831506C59364661354F6A784C6F393067766D4638526E7A4B706F6F6F704174546C502F555849312F707A465465692F49422F49437A713579502F414B6B6A2F77414134373973352F305A52356E6457797931525868324150306F6D7A3879726C6447795338577A6244794B66384139616E384D72492B592F3648523242303738537A36626B615635434F6E36627155386C6A4A6777323967473036664D6D344C2B724A5835616F535834732B6F38746834346661557A72784A726A394A376570445633454B4966764664555465694A6444415756455633754D4B497837647346364E774A36473868632B33636B7055524637586576784973537075536C4331646A326553417A304A4771365964366F47324147355259332F79586F4F706D5755753664647A5934566365544959386875714F7A2B4A6B3554325A6247684E762F57532F516A585737372F4141644D4963652B7875665A36542B666D423771506D6E2B475331766B7654326A5731667336456B55503071505A6577665A717364775730657A4A53322F6B5A4A537855533973754D384836646B533468325872642B537872634349784B36746C7058393249785637336B3932763841366D354D326F683772597147764661376639343138754E4E665875302B41716267512B32716C536D742F4B39797A67396C4C3630372B424E626B584872584A6B6456646E67446173763533693565506A7847365A4B624332744F2F4F6D56454C65794A75532F546365485967766570465245306F574854763559397274376C464452725A416D344848795A72687270642B64782B5347445059646271366B4F4C4E66426D71307942326D2F744A736A6A42766B754A64337338376C4456793079653231364E6A66614F6A2B5956636D754E6B6133456271686672352B495047354A6A76394D464536514668476A69753232397568412B2F652F6D426A42764A2B7A4C565856535159673076356872494362623873425932346A743668533343782B574B7464765A4476717464486D412B4D6375597035423279303735484E5151725776744E756A5249754A55706A636A352B386E34754B33304C334532364E7233742B306C4A46374A536C6651386D5951766534554552396F613250684654715A5038416166322F4A336B4E6C4E4E672B335536486C3563574C44365877726C3348676F356234374144595851613837516D5959625A622F414B6C3932572F75752F593376582F53535663574F58663658703752734E656D6E33314D376930666358663953696838616B2F4F75386A4E374D662B6D7237512B4E5358446A726A4E325976556B4D54446A746870764832625631353279572B4D79304C343646414E61506D4669793865353752375078466E354A576E737868716366316136546D542B716C32314E677943317232664D6E30323271525938593337664833694D3555434E546275416F6A76356C7478365555314B32666A6F4C52362B30314C444C455632676264534A61704161325853772F707051374A706B415257493636494637392B49672B67496F6F70734B4B4B4B4170776E2F71627A4B663233443446626A6B467932423848676E65662B5A34392F5765652B66384171666D337572374C2B774837424177736C686F4A4334575432356B6646717049624B4366486D4C4459706D72644E67797370697839426F324272625966495358695A53743976616D6F46716E7379414778652F6D51344C6533496267543350305A5437654A576F2F702F4D7333376248776B70364E7771523376656D4137434F4F6A7069626F4A767A416A4F2F4D566A3944714F32547778725A45716D7A78396F4259782B6D4F2F69545554485956324A334772585745665051622F415031423751415839694164374C5A332F694B67726F2B594C584A5A6265784E3964777134752F3135537634317556476A36585776393754485930752B3964654A6A636B507158313857542F41486D6A785070342B5252727A4C5566634F32757737387370633672586B5A52755833645777614838366B763056493436376A616938534B6D4D2B5571564D69672B487548546C577137746A78332F2F41434A576A774C4839306255342B495874366A5735575331576D71672F596B42314A655051746B393176384154513279697A673558396C6B71465561753936466C3139554D746D397A466B3654323241306648387A477957636D53316E355945756F324C50437961584866436E2F316469422B667A456351552B6A79615733727578723432397A4C706B7948564C574E2F417A52786348314B31544963567366634E4C49437938664D63594C5948564153315865743731763935583642706D4C314236366437504D733078656F59315037666B5637337257785A5972663148326862413241312B716E772B666A356C67705579307466574651664F7A624C4237662B483243392F634B7457686F36657857476C2F4F583033334A3831455872556539725A4F4662482F5A32782B3375713056313974774D696D696839346B5532654954697542756C682B794D4F7455707131552F695A7457495156305136555335755434634133476F793554695776666149666B6B7655684A6172577861727655676364725750797A5A4F4A2B6A5459676D436D4F3572536B7A2B34314F61687863634D414C722B4A4E6A705561347569713758586638416D5466543931646E6B2B4A5A77656D5A4D6D723364562F615976625535564739383371446B766476557155326E6567685A62423771554E4435666D58636E48706A7237616E5A345A42586A427473376D62327549655067487350506C6B742B50537870365A4B58706A4E564F70426B795773374E366B6C744D6B56663759785A6E323264666D4866472B316439776B664C41765A5644784E61496A3356373347624B374649393742564E4D69397A4C45744E664C634F6E6347726B75506C4936624E7669545938744B55317158452B716C78463064776458656E784C61307474447541314C476A5179366D4B2F5164774C4E642B4A4C66476B6A36504D756F39392B593542696D775555474B413437512B3750462F774370386C737639522B6F587339327A4F7634366E733436376642322F377A7844315850586C65726332316E58314D317255743844744F346E314C66545073445633356B58686C67713262557365327838534247716C6A53655238796F73343765376633313349562B6E6B663369785839747A374D664F436C36774A3233364378386D7056613658636B783258487266686A584555586632685557342F576F2B3965616E2B594C617035482F4D424B6138473431436A6B715A48566437574D3370396D4261772B4267614E4F566A726A396959302B3732794B2F4C423675482F77434A2F77435A534F346B6674416D767946666C2F4B795036313971496267366451645369543632542F37734D57324973717136566B47705977327039444A53366A7264644739736768646477587A482B5930423435476A45422F4C71534753396364735A62394E764A71425137684A714147756F323453395159466A676F637569363664397A71712B72357353564C69426F4E45342B6E6E5A356C7648794C6E566C543779556468693966734F7256712F784A362B756A3570522F69636C5736676A4339397675787544744B65756356722B724858667A3052362B6F38664B71566F48354363575A4C6E79776A6B35616D6864527448596C654C6439332F41436B6677456935474C6849367834333974546C546D355131742F7A472F764D6A2F38414A2F7A494F6774772B505A2F5251503269727772485175767471594E4F646B7259566453315431532F754E57312F4D7A2B59314B765A66534F56613375786F6A4962656C38796A335466374D74595058576C4E4F6C6B2B5031307336616D70507A466C5A6D48466E78357631343044377A577938707838597053714B64756F325431546A32466136667849586E6361787159764671796F444974646F376675514C65352B47535835654861443149336D5969542F414A3166314455784E72615243584869304D4C30626C57764E786E69536E4E78324E4B4838782B4B763669726643676E784B7A52464E4D30585069542F555150646873756B2F6D616E4E5A324D322B4E657767764866616F4D30626D454639787552587A304B65335A723935637162464E71665431727556306C692B536D33577042613472716179707343756F7A62527338786C322B597A704977307A6B556B466C334A5549766153346D76656F6F6F70516F6F6F346259476436373670683949394B7938724B6A5A47754F752B374B495478586B6C724E736D75724B763246647A71662F5558314F334B39542F747157544467735544382F4C4F5A775A6974375579473658657A37537A357149615A4B576F557A624538584461525A363271467236735069396643666E374D6C35504461507678507571396B6878354C5558587A3548356C466132366F2F444A53337578684A636D4C466B6F754A4B58504F4E385037502F6156714B476F45324A42302F4D504B664A4942424653576663577869514B3775523365354C6670366B4E76395441474E486A4D42365353714232534D593562586D4161434F6F43614959374567336574514877554D75556F323176772F6D4E5531736649774230376A6A30736F5A6472476969674B4B4B4B41644452754B2F627149385250694144464646415047623375472B4F70454B4D4D656D5154594D7A5639746E597936544C384F79582B4E6633347A376E556C453647746E6D41734C34677049426534745239526F4172356737647739526B6749736E7A484D6C7A777764526167534F572F33692B7266377344556544524F57353878767133666D436B6278414A793349333978636931754461763267462F63332B562F7741776A6C58504379756B51516173504B752F4C49334F7171736A31467157514F35583878767150356A4A476C442F414648377876714D5A494D6C422F556676455A4837734455634948304A46413930637475525252362B54554433666B6B484F3552772F542B54796249474C486133663449486A7671397263726D386D6966724D313769393737374A6B696C394F3953356D766B7A3163322F316932736E656C646A2B5342584A78383158366839504948663257616E786C4A697A58775030386837736239354C666A3475525833596B667876732F3879735A61354B46624F6B384D66426A766B4C593632544948756F6A353138454B612F47537471584E574F79775066342F45705771305554756150384178544E576A69354F4F75514F6979646E382F4D7035725938753756365A4E4565504B5632576F574879503841326B3537644C6932312F62732F65557A70314A4B576175785355505A5632534A38736E636D4F2F2F414C6C456676582F414D5162567861577437622F414351493631745A315532783344594F39444350625650625A39322F694A56327275424661714F74372F614476377954334A346A6C7836745553414662616A32646D343757713771362F454853624536666D414D4A364E52673278573879686F6F6F6F43696969674765497A485045617A3371414D555563674F454C765545452B4951736762532F4573384A537A563853446244775761356A7A706B47696B5A49543447494E6D35435143516453583237693975766954577352616A4979545552574E4D524A4671534E59794A4B59445566556655576F544464515568366931426867677044434A494D5174642B49697238795249346451694A49326F6162593270594930673979567242314169534C556B534471414F6F6F576F326F4875726B596A4B6B4330456E4C394E346E4D6D79596E395A38723658394D636D6736637257682B5265357356386454695036373958706C746A394D776F6D4F2F7579574F7766742F457375334573394F4C6257785A4272336F31702B53466C3432506B55392B42396C6A2F414F4B364E2F69426C336261442F694E7867746B4D6433572B6866686E574D494C317934564D6C477166507848706E765645555233763753336E747975466B6357594C31666837456A593738484F686D78754A58747232516F692B446D315631545072766231622F414D4D7035635673566B5458336B6D664668726B7453746D74642F70732B483878387261754D4D69575877376B464E2F314D49385257424E6B51796850694A69596F4462373266455731696A5055427452522F694E4158387879795651656D4E473341632F7743736150344E515A51596464563347317451365434694E4A38763878393967372F65514331534945683966642F784736666C663467493667766C68485242664D426F694B496746742B5935702B645274786147415A527476535038787A486352326566764939423569305079774E66452B37436264756F5230616B484464345462765573427553725070795072634B74595258524D4E3145316A61314A5852735A476E63702F41704751684E5638526B6C535548555A49576F37346B55476F79516F795147434F78424831314551435242456B5153736D434C3278776851493742715236387956677370556151556B6B5A495248714E7148714E71423764614366764646504F364D372B6F2F56712B6B656D4E364935386F31786E79646566346E6C2F497461773275725A565638712F4D55553763526A704658495672727A4972354E33454E4A38785254615230664776683955394D726A7A554C5A4D5237646871776666387379655836506C7856636D505638663348782B38555569732F77436F317239504C5174582F632F614D34386551336A794A2B4C4D55554969746A7458657A656F4E5633464645423733457355556F6233427454615156574B4B416A667978626969674B4D455555424C473346464B434E2F45516835332F4555556764386558542B59322F73735555424C426969674B4969696C43592B39525251485231767A46754B4B51586654374C376865706571615169696B717A366E4B36386B4A4E4555557732443269716B42722B7069696C5034543430514863555571412B596B69696854616A4A46464A457076443148485A46464B4753434555554A546B6431714B4B49694E65344B785253686F4B78525147596F6F6F482F2F32513D3D, '1');

-- ----------------------------
-- Table structure for `log_mod_entity`
-- ----------------------------
DROP TABLE IF EXISTS `log_mod_entity`;
CREATE TABLE `log_mod_entity` (
  `MOD_ID` int(11) NOT NULL AUTO_INCREMENT COMMENT '变更ID',
  `REV_ID` int(11) NOT NULL COMMENT '版本号，关联 LOG_REV_INFO.REV_ID',
  `ENTITY_NAME` varchar(255) DEFAULT NULL COMMENT '变更实体类',
  `ENTITY_ID` int(11) DEFAULT NULL COMMENT '变更实体ID',
  `REV_TYPE` tinyint(4) DEFAULT NULL COMMENT '变更类型 0:Add, 1:update, 2:delete',
  PRIMARY KEY (`MOD_ID`),
  KEY `LOG_MOD_ENTITY_MOD_ID` (`REV_ID`)
) ENGINE=InnoDB AUTO_INCREMENT=40 DEFAULT CHARSET=utf8 COMMENT='操作日志模型变更表';

-- ----------------------------
-- Records of log_mod_entity
-- ----------------------------
INSERT INTO `log_mod_entity` VALUES ('1', '1', 'com.asdc.jbp.sys.entity.SysUser', '-2', '1');
INSERT INTO `log_mod_entity` VALUES ('2', '2', 'com.asdc.jbp.dict.entity.SysDict', '424', '0');
INSERT INTO `log_mod_entity` VALUES ('3', '3', 'com.asdc.jbp.dict.entity.SysDict', '425', '0');
INSERT INTO `log_mod_entity` VALUES ('4', '4', 'com.asdc.jbp.dict.entity.SysDict', '426', '0');
INSERT INTO `log_mod_entity` VALUES ('5', '5', 'com.asdc.jbp.dict.entity.SysDict', '427', '0');
INSERT INTO `log_mod_entity` VALUES ('6', '6', 'com.asdc.jbp.dict.entity.SysDict', '428', '0');
INSERT INTO `log_mod_entity` VALUES ('7', '7', 'com.asdc.jbp.dict.entity.SysDict', '429', '0');
INSERT INTO `log_mod_entity` VALUES ('8', '8', 'com.asdc.jbp.dict.entity.SysDict', '430', '0');
INSERT INTO `log_mod_entity` VALUES ('9', '9', 'com.asdc.jbp.dict.entity.SysDict', '431', '0');
INSERT INTO `log_mod_entity` VALUES ('10', '10', 'com.asdc.jbp.dict.entity.SysDict', '432', '0');
INSERT INTO `log_mod_entity` VALUES ('11', '11', 'com.asdc.jbp.dict.entity.SysDict', '433', '0');
INSERT INTO `log_mod_entity` VALUES ('12', '12', 'com.asdc.jbp.dict.entity.SysDict', '434', '0');
INSERT INTO `log_mod_entity` VALUES ('13', '13', 'com.asdc.jbp.dict.entity.SysDict', '435', '0');
INSERT INTO `log_mod_entity` VALUES ('14', '14', 'com.asdc.jbp.dict.entity.SysDict', '436', '0');
INSERT INTO `log_mod_entity` VALUES ('15', '15', 'com.asdc.jbp.dict.entity.SysDict', '437', '0');
INSERT INTO `log_mod_entity` VALUES ('16', '16', 'com.asdc.jbp.dict.entity.SysDict', '438', '0');
INSERT INTO `log_mod_entity` VALUES ('17', '17', 'com.asdc.jbp.dict.entity.SysDict', '439', '0');
INSERT INTO `log_mod_entity` VALUES ('18', '18', 'com.asdc.jbp.sys.entity.SysUser', '-2', '1');
INSERT INTO `log_mod_entity` VALUES ('19', '19', 'com.asdc.jbp.sys.entity.SysUser', '-2', '1');
INSERT INTO `log_mod_entity` VALUES ('20', '20', 'com.asdc.jbp.sys.entity.SysUser', '-2', '1');
INSERT INTO `log_mod_entity` VALUES ('21', '21', 'com.asdc.jbp.sys.entity.SysUser', '-2', '1');
INSERT INTO `log_mod_entity` VALUES ('22', '22', 'com.asdc.jbp.sys.entity.SysUser', '-2', '1');
INSERT INTO `log_mod_entity` VALUES ('23', '23', 'com.asdc.jbp.sys.entity.SysUser', '-2', '1');
INSERT INTO `log_mod_entity` VALUES ('24', '24', 'com.asdc.jbp.sys.entity.SysUser', '-2', '1');
INSERT INTO `log_mod_entity` VALUES ('25', '25', 'com.asdc.jbp.sys.entity.SysUser', '-2', '1');
INSERT INTO `log_mod_entity` VALUES ('26', '26', 'com.asdc.jbp.sys.entity.SysUser', '-2', '1');
INSERT INTO `log_mod_entity` VALUES ('27', '27', 'com.asdc.jbp.sys.entity.SysUser', '-2', '1');
INSERT INTO `log_mod_entity` VALUES ('28', '28', 'com.asdc.jbp.sys.entity.SysUser', '-2', '1');
INSERT INTO `log_mod_entity` VALUES ('29', '29', 'com.asdc.jbp.sys.entity.SysUser', '-2', '1');
INSERT INTO `log_mod_entity` VALUES ('30', '30', 'com.asdc.jbp.sys.entity.SysUser', '-2', '1');
INSERT INTO `log_mod_entity` VALUES ('31', '31', 'com.asdc.jbp.sys.entity.SysUser', '-2', '1');
INSERT INTO `log_mod_entity` VALUES ('32', '32', 'com.asdc.jbp.sys.entity.SysUser', '-2', '1');
INSERT INTO `log_mod_entity` VALUES ('33', '33', 'com.asdc.jbp.sys.entity.SysUser', '-2', '1');
INSERT INTO `log_mod_entity` VALUES ('34', '34', 'com.asdc.jbp.sys.entity.SysUser', '-2', '1');
INSERT INTO `log_mod_entity` VALUES ('35', '35', 'com.asdc.jbp.sys.entity.SysUser', '-2', '1');
INSERT INTO `log_mod_entity` VALUES ('36', '36', 'com.asdc.jbp.sys.entity.SysUser', '-2', '1');
INSERT INTO `log_mod_entity` VALUES ('37', '37', 'com.asdc.jbp.sys.entity.SysUser', '-2', '1');
INSERT INTO `log_mod_entity` VALUES ('38', '38', 'com.asdc.jbp.sys.entity.SysUser', '-2', '1');
INSERT INTO `log_mod_entity` VALUES ('39', '39', 'com.asdc.jbp.sys.entity.SysUser', '-2', '1');

-- ----------------------------
-- Table structure for `log_rev_info`
-- ----------------------------
DROP TABLE IF EXISTS `log_rev_info`;
CREATE TABLE `log_rev_info` (
  `REV_ID` int(11) NOT NULL AUTO_INCREMENT COMMENT '版本号',
  `REV_TIMESTMP` bigint(20) DEFAULT NULL COMMENT '时间戳',
  `FEATURE_CODE` varchar(64) DEFAULT NULL COMMENT '模块编码，比如字典维护对应的编码',
  `FUNCTION_CODE` varchar(64) DEFAULT NULL COMMENT '操作行为编码，比如字典维护中权限设置的“增加字典”、”修改字典“等',
  `OPERATOR_ID` int(11) DEFAULT NULL COMMENT '操作人ID',
  `OPERATOR_NAME` varchar(64) DEFAULT NULL COMMENT '操作人名称',
  `OPERATOR_IP` varchar(64) DEFAULT NULL COMMENT '操作人客户端IP',
  PRIMARY KEY (`REV_ID`),
  KEY `LOG_REV_INFO_REV_TIMESTMP` (`REV_TIMESTMP`)
) ENGINE=InnoDB AUTO_INCREMENT=40 DEFAULT CHARSET=utf8 COMMENT='操作日志主表';

-- ----------------------------
-- Records of log_rev_info
-- ----------------------------
INSERT INTO `log_rev_info` VALUES ('1', '1496035133041', null, null, '-100', 'anonymous', '0:0:0:0:0:0:0:1');
INSERT INTO `log_rev_info` VALUES ('2', '1496049651645', null, null, '-100', 'anonymous', '0:0:0:0:0:0:0:1');
INSERT INTO `log_rev_info` VALUES ('3', '1496049983483', null, null, '-100', 'anonymous', '0:0:0:0:0:0:0:1');
INSERT INTO `log_rev_info` VALUES ('4', '1496050071384', null, null, '-100', 'anonymous', '0:0:0:0:0:0:0:1');
INSERT INTO `log_rev_info` VALUES ('5', '1496050303667', null, null, '-100', 'anonymous', '0:0:0:0:0:0:0:1');
INSERT INTO `log_rev_info` VALUES ('6', '1496050383258', null, null, '-100', 'anonymous', '0:0:0:0:0:0:0:1');
INSERT INTO `log_rev_info` VALUES ('7', '1496050479343', null, null, '-100', 'anonymous', '0:0:0:0:0:0:0:1');
INSERT INTO `log_rev_info` VALUES ('8', '1496050566911', null, null, '-100', 'anonymous', '0:0:0:0:0:0:0:1');
INSERT INTO `log_rev_info` VALUES ('9', '1496050763140', null, null, '-100', 'anonymous', '0:0:0:0:0:0:0:1');
INSERT INTO `log_rev_info` VALUES ('10', '1496050811267', null, null, '-100', 'anonymous', '0:0:0:0:0:0:0:1');
INSERT INTO `log_rev_info` VALUES ('11', '1496050874923', null, null, '-100', 'anonymous', '0:0:0:0:0:0:0:1');
INSERT INTO `log_rev_info` VALUES ('12', '1496050954078', null, null, '-100', 'anonymous', '0:0:0:0:0:0:0:1');
INSERT INTO `log_rev_info` VALUES ('13', '1496051001699', null, null, '-100', 'anonymous', '0:0:0:0:0:0:0:1');
INSERT INTO `log_rev_info` VALUES ('14', '1496051070451', null, null, '-100', 'anonymous', '0:0:0:0:0:0:0:1');
INSERT INTO `log_rev_info` VALUES ('15', '1496051128606', null, null, '-100', 'anonymous', '0:0:0:0:0:0:0:1');
INSERT INTO `log_rev_info` VALUES ('16', '1496055782303', null, null, '-100', 'anonymous', '0:0:0:0:0:0:0:1');
INSERT INTO `log_rev_info` VALUES ('17', '1496056097718', null, null, '-100', 'anonymous', '0:0:0:0:0:0:0:1');
INSERT INTO `log_rev_info` VALUES ('18', '1496060833884', null, null, '-100', 'anonymous', '0:0:0:0:0:0:0:1');
INSERT INTO `log_rev_info` VALUES ('19', '1496065396859', null, null, '-100', 'anonymous', '0:0:0:0:0:0:0:1');
INSERT INTO `log_rev_info` VALUES ('20', '1496068148900', null, null, '-100', 'anonymous', '0:0:0:0:0:0:0:1');
INSERT INTO `log_rev_info` VALUES ('21', '1496068952873', null, null, '-100', 'anonymous', '0:0:0:0:0:0:0:1');
INSERT INTO `log_rev_info` VALUES ('22', '1496109201179', null, null, '-100', 'anonymous', '0:0:0:0:0:0:0:1');
INSERT INTO `log_rev_info` VALUES ('23', '1496109418482', null, null, '-100', 'anonymous', '0:0:0:0:0:0:0:1');
INSERT INTO `log_rev_info` VALUES ('24', '1496109719926', null, null, '-100', 'anonymous', '0:0:0:0:0:0:0:1');
INSERT INTO `log_rev_info` VALUES ('25', '1496111477716', null, null, '-100', 'anonymous', '0:0:0:0:0:0:0:1');
INSERT INTO `log_rev_info` VALUES ('26', '1496112596904', null, null, '-100', 'anonymous', '0:0:0:0:0:0:0:1');
INSERT INTO `log_rev_info` VALUES ('27', '1496125315767', null, null, '-100', 'anonymous', '0:0:0:0:0:0:0:1');
INSERT INTO `log_rev_info` VALUES ('28', '1496126666288', null, null, '-100', 'anonymous', '0:0:0:0:0:0:0:1');
INSERT INTO `log_rev_info` VALUES ('29', '1496127353198', null, null, '-100', 'anonymous', '0:0:0:0:0:0:0:1');
INSERT INTO `log_rev_info` VALUES ('30', '1496132342242', null, null, '-100', 'anonymous', '0:0:0:0:0:0:0:1');
INSERT INTO `log_rev_info` VALUES ('31', '1496138748569', null, null, '-100', 'anonymous', '0:0:0:0:0:0:0:1');
INSERT INTO `log_rev_info` VALUES ('32', '1496144937657', null, null, '-100', 'anonymous', '0:0:0:0:0:0:0:1');
INSERT INTO `log_rev_info` VALUES ('33', '1496145480468', null, null, '-100', 'anonymous', '0:0:0:0:0:0:0:1');
INSERT INTO `log_rev_info` VALUES ('34', '1496151745202', null, null, '-100', 'anonymous', '0:0:0:0:0:0:0:1');
INSERT INTO `log_rev_info` VALUES ('35', '1496237930207', null, null, '-100', 'anonymous', '0:0:0:0:0:0:0:1');
INSERT INTO `log_rev_info` VALUES ('36', '1496238292190', null, null, '-100', 'anonymous', '0:0:0:0:0:0:0:1');
INSERT INTO `log_rev_info` VALUES ('37', '1496238292280', null, null, '-100', 'anonymous', '0:0:0:0:0:0:0:1');
INSERT INTO `log_rev_info` VALUES ('38', '1496325013021', null, null, '-100', 'anonymous', '0:0:0:0:0:0:0:1');
INSERT INTO `log_rev_info` VALUES ('39', '1496477724935', null, null, '-100', 'anonymous', '0:0:0:0:0:0:0:1');

-- ----------------------------
-- Table structure for `sys_att_ftp_conf`
-- ----------------------------
DROP TABLE IF EXISTS `sys_att_ftp_conf`;
CREATE TABLE `sys_att_ftp_conf` (
  `FTP_SERV_IP` varchar(50) NOT NULL COMMENT '服务器ip',
  `FTP_SERV_PORT` varchar(50) NOT NULL COMMENT '服务器端口',
  `FTP_SERV_USER` varchar(50) NOT NULL COMMENT '服务器用户名',
  `FTP_SERV_PWD` varchar(50) NOT NULL COMMENT '服务器密码',
  `FTP_SERV_BASE_PATH` varchar(50) NOT NULL COMMENT '服务器配置的根路径（相对）',
  PRIMARY KEY (`FTP_SERV_IP`)
) ENGINE=InnoDB DEFAULT CHARSET=utf8 COMMENT='FTP服务器配置信息表';

-- ----------------------------
-- Records of sys_att_ftp_conf
-- ----------------------------
INSERT INTO `sys_att_ftp_conf` VALUES ('172.25.78.213', '21', 'ftp', 'ASDCftp1234', 'file/upload');

-- ----------------------------
-- Table structure for `sys_att_info`
-- ----------------------------
DROP TABLE IF EXISTS `sys_att_info`;
CREATE TABLE `sys_att_info` (
  `ATT_ID` int(11) NOT NULL AUTO_INCREMENT COMMENT '文件ID',
  `ATT_NATURE` varchar(50) DEFAULT NULL COMMENT '模块表',
  `ATT_REF_ID` int(11) DEFAULT NULL COMMENT '业务模块ID',
  `ATT_ORI_NAME` varchar(50) NOT NULL COMMENT '原始文件名，不含路径',
  `ATT_URI` varchar(150) NOT NULL COMMENT '文件路径信息，相对于基础路径。',
  `ATT_DESC` varchar(50) DEFAULT NULL COMMENT '文件描述',
  `ATT_OP_ID` int(11) NOT NULL COMMENT '操作用户id',
  `ATT_OP_NAME` varchar(50) NOT NULL COMMENT '操作用户名',
  `ATT_OP_TIME` date NOT NULL COMMENT '操作时间',
  PRIMARY KEY (`ATT_ID`)
) ENGINE=InnoDB DEFAULT CHARSET=utf8 COMMENT='文件管理基本信息表';

-- ----------------------------
-- Records of sys_att_info
-- ----------------------------

-- ----------------------------
-- Table structure for `sys_dept`
-- ----------------------------
DROP TABLE IF EXISTS `sys_dept`;
CREATE TABLE `sys_dept` (
  `DEPT_ID` int(11) NOT NULL AUTO_INCREMENT COMMENT 'ID',
  `DEPT_PARENT_ID` int(11) DEFAULT '0' COMMENT '上级组织机构ID',
  `DEPT_NAME` varchar(32) NOT NULL COMMENT '名称',
  `DEPT_TEL` varchar(20) DEFAULT NULL COMMENT '电话',
  `DEPT_FAX` varchar(20) DEFAULT NULL COMMENT '传真',
  `DEPT_EMAIL` varchar(50) DEFAULT NULL COMMENT '电子邮箱',
  `DEPT_URL` varchar(100) DEFAULT NULL COMMENT '主页',
  `DEPT_ADDRESS` varchar(128) DEFAULT NULL COMMENT '邮寄地址',
  `DEPT_POSTALCODE` varchar(20) DEFAULT NULL COMMENT '邮政编码',
  `IS_ENABLED` tinyint(1) NOT NULL DEFAULT '1' COMMENT '是否有效标记,1:有效,others:无效',
  `DEPT_ORDER_BY` varchar(255) DEFAULT NULL,
  PRIMARY KEY (`DEPT_ID`)
) ENGINE=InnoDB AUTO_INCREMENT=18 DEFAULT CHARSET=utf8 COMMENT='组织机构表';

-- ----------------------------
-- Records of sys_dept
-- ----------------------------
INSERT INTO `sys_dept` VALUES ('1', null, '总公司', '8817883', null, '453@qq.com', 'www.asdc.com', '中国北京1', null, '1', null);
INSERT INTO `sys_dept` VALUES ('2', '1', '财务部', '8817881', '010-8817881', '453@qq.com', null, '朝阳区', '10000', '0', null);
INSERT INTO `sys_dept` VALUES ('3', '1', '技术部', '8817882', '010-8817882', '453@qq.com', null, '昌平区', '10000', '0', null);
INSERT INTO `sys_dept` VALUES ('4', '1', '市场部', '8817884', '010-8817884', '433@qq.com', null, '海淀区', '10000', '0', null);
INSERT INTO `sys_dept` VALUES ('11', '1', '招聘中心', null, null, null, null, '北京', null, '1', '1');
INSERT INTO `sys_dept` VALUES ('12', '1', '第二事业部', null, null, null, null, '北京', null, '1', '2');
INSERT INTO `sys_dept` VALUES ('13', '12', '移动通讯部', null, null, null, null, '北京', null, '0', '1');
INSERT INTO `sys_dept` VALUES ('14', '11', '招聘三组', null, null, null, null, '北京', null, '1', '3');
INSERT INTO `sys_dept` VALUES ('15', '11', '招聘一组', null, null, null, null, '北京', null, '1', '1');
INSERT INTO `sys_dept` VALUES ('16', '11', '招聘二组', null, null, null, null, '北京', null, '1', '2');
INSERT INTO `sys_dept` VALUES ('17', '11', '招聘四组', null, null, null, null, '上海', null, '1', '4');

-- ----------------------------
-- Table structure for `sys_dept_aud`
-- ----------------------------
DROP TABLE IF EXISTS `sys_dept_aud`;
CREATE TABLE `sys_dept_aud` (
  `REV_ID` int(11) NOT NULL COMMENT 'REVISION ID',
  `REV_TYPE` tinyint(4) DEFAULT NULL COMMENT 'REVTYPE 0:ADD, 1:UPDATE, 2:DELETE',
  `DEPT_ID` int(11) NOT NULL COMMENT 'ID',
  `DEPT_PARENT_ID` int(11) DEFAULT '0' COMMENT '上级组织机构ID',
  `DEPT_NAME` varchar(32) NOT NULL COMMENT '名称',
  `DEPT_TEL` varchar(20) DEFAULT NULL COMMENT '电话',
  `DEPT_FAX` varchar(20) DEFAULT NULL COMMENT '传真',
  `DEPT_EMAIL` varchar(50) DEFAULT NULL COMMENT '电子邮箱',
  `DEPT_URL` varchar(100) DEFAULT NULL COMMENT '主页',
  `DEPT_ADDRESS` varchar(128) DEFAULT NULL COMMENT '邮寄地址',
  `DEPT_POSTALCODE` varchar(20) DEFAULT NULL COMMENT '邮政编码',
  `IS_ENABLED` tinyint(1) NOT NULL DEFAULT '1' COMMENT '是否有效标记,1:有效,others:无效',
  `DEPT_ORDER_BY` varchar(100) DEFAULT NULL,
  PRIMARY KEY (`DEPT_ID`,`REV_ID`)
) ENGINE=InnoDB DEFAULT CHARSET=utf8 COMMENT='组织机构表变更记录表';

-- ----------------------------
-- Records of sys_dept_aud
-- ----------------------------

-- ----------------------------
-- Table structure for `sys_dict`
-- ----------------------------
DROP TABLE IF EXISTS `sys_dict`;
CREATE TABLE `sys_dict` (
  `DICT_ID` int(11) NOT NULL AUTO_INCREMENT COMMENT 'ID',
  `DICT_PARENT_ID` int(11) DEFAULT '0' COMMENT '父级编号',
  `IS_NATURE` tinyint(1) NOT NULL DEFAULT '0' COMMENT '是否为字典类型而非字典选项,1: yes, others: no',
  `DICT_NATURE` varchar(50) NOT NULL COMMENT '类型',
  `DICT_CODE` varchar(50) NOT NULL COMMENT '编码',
  `DICT_VALUE` varchar(50) NOT NULL COMMENT '数据值',
  `DICT_LABEL` varchar(100) NOT NULL COMMENT '标签名',
  `DICT_PINYIN` varchar(100) NOT NULL COMMENT '数据值拼音',
  `DICT_PINYIN_SHORT` varchar(16) NOT NULL COMMENT '数据值拼音缩写',
  `DICT_DESCRIPTION` varchar(150) DEFAULT NULL COMMENT '描述',
  `DICT_ORDER` int(5) NOT NULL COMMENT '排序（升序）',
  `REMARKS` varchar(150) DEFAULT NULL COMMENT '备注信息',
  `IS_ENABLED` tinyint(1) NOT NULL DEFAULT '1' COMMENT '是否有效标记,1:有效,others:无效',
  PRIMARY KEY (`DICT_ID`),
  KEY `SYS_DICT_DICT_NATURE` (`DICT_NATURE`),
  KEY `SYS_DICT_DICT_CODE` (`DICT_CODE`)
) ENGINE=InnoDB AUTO_INCREMENT=444 DEFAULT CHARSET=utf8 COMMENT='字典表';

-- ----------------------------
-- Records of sys_dict
-- ----------------------------
INSERT INTO `sys_dict` VALUES ('-10120016', '-10120001', '1', 'RECRUITMENT_STATUS', '430', '已入职', '招聘状态', 'zhaopinzhuangtai', 'zpzt', null, '20', null, '1');
INSERT INTO `sys_dict` VALUES ('-10120015', '-10120001', '1', 'RECRUITMENT_STATUS', '420', '放弃入职', '招聘状态', 'zhaopinzhuangtai', 'zpzt', null, '20', null, '1');
INSERT INTO `sys_dict` VALUES ('-10120014', '-10120001', '1', 'RECRUITMENT_STATUS', '410', '待入职', '招聘状态', 'zhaopinzhuangtai', 'zpzt', null, '20', null, '1');
INSERT INTO `sys_dict` VALUES ('-10120013', '-10120001', '1', 'RECRUITMENT_STATUS', '330', '接受Offer', '招聘状态', 'zhaopinzhuangtai', 'zpzt', null, '20', null, '1');
INSERT INTO `sys_dict` VALUES ('-10120012', '-10120001', '1', 'RECRUITMENT_STATUS', '320', '放弃Offer', '招聘状态', 'zhaopinzhuangtai', 'zpzt', null, '20', null, '1');
INSERT INTO `sys_dict` VALUES ('-10120011', '-10120001', '1', 'RECRUITMENT_STATUS', '310', '谈Offer', '招聘状态', 'zhaopinzhuangtai', 'zpzt', null, '20', null, '1');
INSERT INTO `sys_dict` VALUES ('-10120010', '-10120001', '1', 'RECRUITMENT_STATUS', '250', '面试通过', '招聘状态', 'zhaopinzhuangtai', 'zpzt', null, '20', null, '1');
INSERT INTO `sys_dict` VALUES ('-10120009', '-10120001', '1', 'RECRUITMENT_STATUS', '240', '面试未通过', '招聘状态', 'zhaopinzhuangtai', 'zpzt', null, '20', null, '1');
INSERT INTO `sys_dict` VALUES ('-10120007', '-10120001', '1', 'RECRUITMENT_STATUS', '230', '没来面试', '招聘状态', 'zhaopinzhuangtai', 'zpzt', null, '20', null, '1');
INSERT INTO `sys_dict` VALUES ('-10120006', '-10120001', '1', 'RECRUITMENT_STATUS', '220', '已预约面试', '招聘状态', 'zhaopinzhuangtai', 'zpzt', null, '20', null, '1');
INSERT INTO `sys_dict` VALUES ('-10120005', '-10120001', '1', 'RECRUITMENT_STATUS', '210', '尚未预约面试', '招聘状态', 'zhaopinzhuangtai', 'zpzt', null, '20', null, '1');
INSERT INTO `sys_dict` VALUES ('-10120004', '-10120001', '1', 'RECRUITMENT_STATUS', '130', '简历通过', '招聘状态', 'zhaopinzhuangtai', 'zpzt', null, '20', null, '1');
INSERT INTO `sys_dict` VALUES ('-10120003', '-10120001', '1', 'RECRUITMENT_STATUS', '120', '简历未通过', '招聘状态', 'zhaopinzhuangtai', 'zpzt', null, '20', null, '1');
INSERT INTO `sys_dict` VALUES ('-10120002', '-10120001', '1', 'RECRUITMENT_STATUS', '110', '待反馈', '招聘状态', 'zhaopinzhuangtai', 'zpzt', null, '20', null, '1');
INSERT INTO `sys_dict` VALUES ('-10120001', '1', '0', 'RECRUITMENT_STATUS', 'NATURE', '招聘状态', '招聘状态', 'zhaopinzhuangtai', 'zpzt', null, '10', null, '1');
INSERT INTO `sys_dict` VALUES ('-10110005', '-10110001', '1', 'RECRUITMENT_PHASE', '4', '入职', '招聘阶段', 'ruzhi', 'rz', null, '10', null, '1');
INSERT INTO `sys_dict` VALUES ('-10110004', '-10110001', '1', 'RECRUITMENT_PHASE', '3', 'Offer', '招聘阶段', 'offer', 'offer', null, '10', null, '1');
INSERT INTO `sys_dict` VALUES ('-10110003', '-10110001', '1', 'RECRUITMENT_PHASE', '2', '面试', '招聘阶段', 'mianshi', 'ms', null, '10', null, '1');
INSERT INTO `sys_dict` VALUES ('-10110002', '-10110001', '1', 'RECRUITMENT_PHASE', '1', '推荐反馈', '招聘阶段', 'tuijianfankui', 'tjfk', null, '10', null, '1');
INSERT INTO `sys_dict` VALUES ('-10110001', '1', '0', 'RECRUITMENT_PHASE', 'NATURE', '招聘阶段', '招聘阶段', 'zhaopinjieduan', 'zpjd', null, '10', null, '1');
INSERT INTO `sys_dict` VALUES ('-10100003', '-10100001', '0', 'STATUS_TYPE', 'false', '禁用', '状态类型', 'jinyong', 'jy', '', '1', '', '1');
INSERT INTO `sys_dict` VALUES ('-10100002', '-10100001', '0', 'STATUS_TYPE', 'true', '可用', '状态类型', 'keyong', 'ky', '', '2', '', '1');
INSERT INTO `sys_dict` VALUES ('-10100001', '1', '1', 'STATUS_TYPE', 'STATUS_CODE', '状态类型', '状态类型', 'zhuangtaileixing', 'ztlx', '', '1', '', '1');
INSERT INTO `sys_dict` VALUES ('-10090006', '-10090001', '0', 'EDUCATION', '5', '研究生', '学历', 'yanjiusheng', 'yjs', null, '3', null, '1');
INSERT INTO `sys_dict` VALUES ('-10090005', '-10090001', '0', 'EDUCATION', '4', '本科', '学历', 'benke', 'bk', null, '3', null, '1');
INSERT INTO `sys_dict` VALUES ('-10090004', '-10090001', '0', 'EDUCATION', '3', '大专', '学历', 'dazhuan', 'dz', null, '3', null, '1');
INSERT INTO `sys_dict` VALUES ('-10090003', '-10090001', '0', 'EDUCATION', '2', '中专', '学历', 'zhongzhuan', 'zz', null, '3', null, '1');
INSERT INTO `sys_dict` VALUES ('-10090002', '-10090001', '0', 'EDUCATION', '1', '不限', '学历', 'buxian', 'bx', null, '3', null, '1');
INSERT INTO `sys_dict` VALUES ('-10090001', '1', '1', 'EDUCATION', 'NATURE', '学历', '学历', 'xueli', 'xl', null, '3', null, '1');
INSERT INTO `sys_dict` VALUES ('-10080003', '-10080001', '0', 'REQUIREMENT_TYPE', '2', '打标需求', '需求类型', 'dbxq', 'dbxq', null, '3', null, '1');
INSERT INTO `sys_dict` VALUES ('-10080002', '-10080001', '0', 'REQUIREMENT_TYPE', '1', '正常需求', '需求类型', 'zcxq', 'zcxq', null, '2', null, '1');
INSERT INTO `sys_dict` VALUES ('-10080001', '1', '1', 'REQUIREMENT_TYPE', 'NATURE', '需求类型', '需求类型', 'xqlx', 'xqlx', null, '1', null, '1');
INSERT INTO `sys_dict` VALUES ('-10070002', '-10070001', '0', 'CHANNEL_STATUS', '1', '正常', 'st', 'zc', 'zc', null, '2', null, '1');
INSERT INTO `sys_dict` VALUES ('-10070001', '1', '1', 'CHANNEL_STATUS', 'NATURE', 'st', 'st', 'st', 'st', null, '1', null, '1');
INSERT INTO `sys_dict` VALUES ('-10060010', '-10060001', '0', 'POSITION_STATUS', '9', '修改待确认未通过', '职位状态', 'xiugaibeibohui', 'xgbvh', '', '41', '', '1');
INSERT INTO `sys_dict` VALUES ('-10060009', '-10060001', '0', 'POSITION_STATUS', '8', '已完成', '职位状态', 'yiwancheng', 'ywc', '', '41', '', '1');
INSERT INTO `sys_dict` VALUES ('-10060008', '-10060001', '0', 'POSITION_STATUS', '7', '修改待审批', '职位状态', 'xiugaidaishenpi', 'xgdsp', '', '31', '', '1');
INSERT INTO `sys_dict` VALUES ('-10060007', '-10060001', '0', 'POSITION_STATUS', '6', '取消', '职位状态', 'quxiao', 'qx', '', '31', '', '1');
INSERT INTO `sys_dict` VALUES ('-10060006', '-10060001', '0', 'POSITION_STATUS', '5', '已停用', '职位状态', 'yitingyong', 'yty', '', '31', '', '1');
INSERT INTO `sys_dict` VALUES ('-10060005', '-10060001', '0', 'POSITION_STATUS', '4', '通过', '职位状态', 'tongguo', 'tg', '', '21', '', '1');
INSERT INTO `sys_dict` VALUES ('-10060004', '-10060001', '0', 'POSITION_STATUS', '3', '未通过', '职位状态', 'weitongguo', 'wtg', '', '11', '', '1');
INSERT INTO `sys_dict` VALUES ('-10060003', '-10060001', '0', 'POSITION_STATUS', '2', '待审批', '职位状态', 'new', 'new', null, '2', null, '1');
INSERT INTO `sys_dict` VALUES ('-10060002', '-10060001', '0', 'POSITION_STATUS', '1', '新建', '职位状态', 'xinjian', 'xj', null, '1', null, '1');
INSERT INTO `sys_dict` VALUES ('-10060001', '1', '1', 'POSITION_STATUS', 'NATURE', '职位状态', '职位状态', 'zhiweizhuangtai', 'zwzt', null, '6', null, '1');
INSERT INTO `sys_dict` VALUES ('-10050003', '-10050001', '0', 'WHETHER_TYPE', 'FALSE', '否', '是否可用', 'fou', 'f', '', '3', '', '1');
INSERT INTO `sys_dict` VALUES ('-10050002', '-10050001', '0', 'WHETHER_TYPE', 'TRUE', '是', '是否可用', 'shi', 's', '', '2', '', '1');
INSERT INTO `sys_dict` VALUES ('-10050001', '1', '1', 'WHETHER_TYPE', 'WHETHER_CODE', '是否可用', '是否可用', 'shifoukeyong', 'sfky', '', '1', '', '1');
INSERT INTO `sys_dict` VALUES ('-10040005', '-10040001', '0', 'FUNC_TYPE', 'ACTION', '功能', '功能类型', 'gongneng', 'gn', null, '4', null, '1');
INSERT INTO `sys_dict` VALUES ('-10040004', '-10040001', '0', 'FUNC_TYPE', 'FEATURE', '模块', '功能类型', 'mokuai', 'mk', null, '3', null, '1');
INSERT INTO `sys_dict` VALUES ('-10040003', '-10040001', '0', 'FUNC_TYPE', 'MENU', '菜单', '功能类型', 'caidan', 'cd', null, '2', null, '1');
INSERT INTO `sys_dict` VALUES ('-10040002', '-10040001', '0', 'FUNC_TYPE', 'LINK', '链接', '功能类型', 'lianjie', 'lj', null, '1', null, '1');
INSERT INTO `sys_dict` VALUES ('-10040001', '1', '1', 'FUNC_TYPE', 'NATURE', '功能类型', '功能类型', 'xingbie', 'xb', null, '2', null, '1');
INSERT INTO `sys_dict` VALUES ('-10030004', '-10030001', '0', 'USER_ID_TYPE', '2', '军官证', '证件类型', 'junguanzheng', 'jgz', null, '3', null, '1');
INSERT INTO `sys_dict` VALUES ('-10030003', '-10030001', '0', 'USER_ID_TYPE', '1', '护照', '证件类型', 'hz', 'hz', null, '2', null, '1');
INSERT INTO `sys_dict` VALUES ('-10030002', '-10030001', '0', 'USER_ID_TYPE', '0', '身份证', '证件类型', 'shenfenzheng', 'sfz', null, '1', null, '1');
INSERT INTO `sys_dict` VALUES ('-10030001', '1', '1', 'USER_ID_TYPE', 'NATURE', '证件类型', '证件类型', 'zhengjianleixing', 'zjlx', null, '3', null, '1');
INSERT INTO `sys_dict` VALUES ('-10020004', '-10020001', '0', 'SEX', '2', '未知', '性别', 'weizhi', 'wz', null, '3', null, '1');
INSERT INTO `sys_dict` VALUES ('-10020003', '-10020001', '0', 'SEX', '1', '女', '性别', 'nv', 'n', null, '2', null, '1');
INSERT INTO `sys_dict` VALUES ('-10020002', '-10020001', '0', 'SEX', '0', '男', '性别', 'nan', 'n', null, '1', null, '1');
INSERT INTO `sys_dict` VALUES ('-10020001', '1', '1', 'SEX', 'NATURE', '性别', '性别', 'xingbie', 'xb', null, '2', null, '1');
INSERT INTO `sys_dict` VALUES ('-10010004', '-10010001', '0', 'USER_TYPE', 'ADMIN', '超级用户', '用户类型', 'chaojiyonghu', 'cjyh', null, '3', null, '1');
INSERT INTO `sys_dict` VALUES ('-10010003', '-10010001', '0', 'USER_TYPE', 'NORMAL', '普通用户', '用户类型', 'putongyonghu', 'ptyh', null, '2', null, '1');
INSERT INTO `sys_dict` VALUES ('-10010002', '-10010001', '0', 'USER_TYPE', 'ANONYMOUS', '匿名用户', '用户类型', 'nimingyonghu', 'nmyh', null, '1', null, '1');
INSERT INTO `sys_dict` VALUES ('-10010001', '1', '1', 'USER_TYPE', 'NATURE', '用户类型', '用户类型', 'yonghuleixing', 'yhlx', null, '1', null, '1');
INSERT INTO `sys_dict` VALUES ('1', null, '1', 'Dict_Manage', 'DICT', '字典管理', '字典管理', 'zidianguanli', 'zdgl', null, '1', null, '1');
INSERT INTO `sys_dict` VALUES ('2', '1', '1', 'CUSTOMER_DEPARTMENT', 'NATURE', '内部部门', '内部部门', 'neibubumen', 'nbbm', null, '0', null, '1');
INSERT INTO `sys_dict` VALUES ('3', '2', '1', 'CUSTOMER_DEPARTMENT', '1', '开发一部', '内部部门', 'kaifayibu', 'kfyb', null, '10', null, '1');
INSERT INTO `sys_dict` VALUES ('4', '2', '1', 'CUSTOMER_DEPARTMENT', '2', '开发二部', '内部部门', 'kaifaerbu', 'kfeb', null, '20', null, '1');
INSERT INTO `sys_dict` VALUES ('8', '1', '1', 'SC_Sex', '-1', '外部职位性别', '外部职位性别', 'waibuzhiweixingbie', 'wbzwxb', null, '0', null, '1');
INSERT INTO `sys_dict` VALUES ('9', '8', '1', 'SC_Sex', '0', '不限', '外部职位性别', 'buxian', 'bx', null, '10', null, '1');
INSERT INTO `sys_dict` VALUES ('10', '8', '1', 'SC_Sex', '1', '男', '外部职位性别', 'nan', 'n', null, '10', null, '1');
INSERT INTO `sys_dict` VALUES ('11', '8', '1', 'SC_Sex', '2', '女', '外部职位性别', 'nv', 'n', null, '10', null, '1');
INSERT INTO `sys_dict` VALUES ('12', '1', '1', 'SC_Education', '-1', '外部职位学历', '外部职位学历', 'waibuzhiweixueli', 'wbzwxl', null, '0', null, '1');
INSERT INTO `sys_dict` VALUES ('13', '12', '1', 'SC_Education', '0', '不限', '外部职位学历', 'buxian', 'bx', null, '10', null, '1');
INSERT INTO `sys_dict` VALUES ('14', '12', '1', 'SC_Education', '1', '初中', '外部职位学历', 'chuzhong', 'cz', null, '10', null, '1');
INSERT INTO `sys_dict` VALUES ('15', '12', '1', 'SC_Education', '2', '中技', '外部职位学历', 'zhongji', 'zj', null, '10', null, '1');
INSERT INTO `sys_dict` VALUES ('16', '12', '1', 'SC_Education', '3', '高中', '外部职位学历', 'gaozhong', 'gz', null, '10', null, '1');
INSERT INTO `sys_dict` VALUES ('17', '12', '1', 'SC_Education', '4', '中专', '外部职位学历', 'zhongzhuan', 'zz', null, '10', null, '1');
INSERT INTO `sys_dict` VALUES ('18', '12', '1', 'SC_Education', '5', '大专', '外部职位学历', 'dazhuan', 'dz', null, '10', null, '1');
INSERT INTO `sys_dict` VALUES ('19', '12', '1', 'SC_Education', '6', '本科', '外部职位学历', 'benke', 'bk', null, '10', null, '1');
INSERT INTO `sys_dict` VALUES ('20', '12', '1', 'SC_Education', '7', '硕士', '外部职位学历', 'shuoshi', 'ss', null, '10', null, '1');
INSERT INTO `sys_dict` VALUES ('21', '12', '1', 'SC_Education', '8', 'MBA', '外部职位学历', 'MBA', 'MBA', null, '10', null, '1');
INSERT INTO `sys_dict` VALUES ('22', '12', '1', 'SC_Education', '9', 'EMBA', '外部职位学历', 'EMBA', 'EMBA', null, '10', null, '1');
INSERT INTO `sys_dict` VALUES ('23', '12', '1', 'SC_Education', '10', '博士', '外部职位学历', 'boshi', 'bs', null, '10', null, '1');
INSERT INTO `sys_dict` VALUES ('24', '1', '1', 'SC_WorkYear', '-1', '外部工作年限', '外部工作年限', 'waibugongznianxian', 'wbgznx', null, '0', null, '1');
INSERT INTO `sys_dict` VALUES ('25', '24', '1', 'SC_WorkYear', '0', '不限', '外部工作年限', 'buxian', 'bx', null, '10', null, '1');
INSERT INTO `sys_dict` VALUES ('26', '24', '1', 'SC_WorkYear', '1', '1～2年', '外部工作年限', '1,2', '1,2', null, '10', null, '1');
INSERT INTO `sys_dict` VALUES ('27', '24', '1', 'SC_WorkYear', '2', '3~4年', '外部工作年限', '3,4', '3,4', null, '10', null, '1');
INSERT INTO `sys_dict` VALUES ('28', '24', '1', 'SC_WorkYear', '3', '5~7年', '外部工作年限', '5,7', '5,7', null, '10', null, '1');
INSERT INTO `sys_dict` VALUES ('29', '24', '1', 'SC_WorkYear', '4', '8~9年', '外部工作年限', '8,9', '8,9', null, '10', null, '1');
INSERT INTO `sys_dict` VALUES ('30', '1', '1', 'SC_UpdateTime', '-1', '更新时间', '更新时间', 'gengxinshijian', 'gxsj', null, '0', null, '1');
INSERT INTO `sys_dict` VALUES ('31', '30', '1', 'SC_UpdateTime', '0', '不限', '跟新时间', 'buxian', 'bx', null, '10', null, '1');
INSERT INTO `sys_dict` VALUES ('32', '30', '1', 'SC_UpdateTime', '1', '一周内', '更新时间', 'yizhounei', 'yzn', null, '10', null, '1');
INSERT INTO `sys_dict` VALUES ('33', '30', '1', 'SC_UpdateTime', '2', '二周内', '更新时间', 'erzhounei', 'ezn', null, '10', null, '1');
INSERT INTO `sys_dict` VALUES ('34', '30', '1', 'SC_UpdateTime', '3', '一月内', '更新时间', 'yiyuenei', 'yyn', null, '10', null, '1');
INSERT INTO `sys_dict` VALUES ('35', '30', '1', 'SC_UpdateTime', '4', '二月内', '更新时间', 'eryuenei', 'eyn', null, '10', null, '1');
INSERT INTO `sys_dict` VALUES ('36', '30', '1', 'SC_UpdateTime', '5', '六月内', '更新时间', 'liuyuenei', 'lyn', null, '10', null, '1');
INSERT INTO `sys_dict` VALUES ('37', '1', '1', 'SC_ExpectedSalary', '-1', '期望月薪', '期望月薪', 'qiwangyuexin', 'qwyx', null, '0', null, '1');
INSERT INTO `sys_dict` VALUES ('38', '37', '1', 'SC_ExpectedSalary', '0', '不限', '期望月薪', 'buxian', 'bx', null, '10', null, '1');
INSERT INTO `sys_dict` VALUES ('39', '37', '1', 'SC_ExpectedSalary', '1', '2000以下/月', '期望月薪', '2000', '2000', null, '10', null, '1');
INSERT INTO `sys_dict` VALUES ('40', '37', '1', 'SC_ExpectedSalary', '2', '2001-4000/月', '期望月薪', '2001', '2001', null, '10', null, '1');
INSERT INTO `sys_dict` VALUES ('41', '37', '1', 'SC_ExpectedSalary', '3', '4001-6000/月', '期望月薪', '4001', '4001', null, '10', null, '1');
INSERT INTO `sys_dict` VALUES ('42', '37', '1', 'SC_ExpectedSalary', '4', '6001-8000/月', '期望月薪', '6001', '6001', null, '10', null, '1');
INSERT INTO `sys_dict` VALUES ('43', '37', '1', 'SC_ExpectedSalary', '5', '8001-10000/月', '期望月薪', '8001', '8001', null, '10', null, '1');
INSERT INTO `sys_dict` VALUES ('44', '37', '1', 'SC_ExpectedSalary', '6', '10001-15000/月', '期望月薪', '10001', '10001', null, '10', null, '1');
INSERT INTO `sys_dict` VALUES ('45', '37', '1', 'SC_ExpectedSalary', '7', '15001-25000/月', '期望月薪', '15001', '15001', null, '10', null, '1');
INSERT INTO `sys_dict` VALUES ('46', '37', '1', 'SC_ExpectedSalary', '8', '25001以上/月', '期望月薪', '25001', '25001', null, '10', null, '1');
INSERT INTO `sys_dict` VALUES ('47', '1', '1', 'SC_City', '0', '热门城市', '热门城市', 'remenchengshi', 'rmcs', null, '0', null, '1');
INSERT INTO `sys_dict` VALUES ('48', '47', '1', 'SC_HotCity', '1', '北京', '热门城市', 'remenchengshi', 'rmcs', '', '10', null, '1');
INSERT INTO `sys_dict` VALUES ('49', '47', '1', 'SC_HotCity', '3', '广州', '热门城市', 'remenchengshi', 'rmcs', '', '11', null, '1');
INSERT INTO `sys_dict` VALUES ('50', '47', '1', 'SC_HotCity', '2', '上海', '热门城市', 'remenchengshi', 'rmcs', '', '12', null, '1');
INSERT INTO `sys_dict` VALUES ('51', '47', '1', 'SC_HotCity', '4', '深圳', '热门城市', 'remenchengshi', 'rmcs', '', '13', null, '1');
INSERT INTO `sys_dict` VALUES ('52', '47', '1', 'SC_HotCity', '5', '天津', '热门城市', 'remenchengshi', 'rmcs', '', '14', null, '1');
INSERT INTO `sys_dict` VALUES ('53', '47', '1', 'SC_HotCity', '6', '武汉', '热门城市', 'remenchengshi', 'rmcs', '', '15', null, '1');
INSERT INTO `sys_dict` VALUES ('54', '47', '1', 'SC_HotCity', '7', '西安', '热门城市', 'remenchengshi', 'rmcs', '', '16', null, '1');
INSERT INTO `sys_dict` VALUES ('55', '47', '1', 'SC_HotCity', '8', '成都', '热门城市', 'remenchengshi', 'rmcs', '', '17', null, '1');
INSERT INTO `sys_dict` VALUES ('56', '47', '1', 'SC_HotCity', '9', '大连', '热门城市', 'remenchengshi', 'rmcs', '', '18', null, '1');
INSERT INTO `sys_dict` VALUES ('57', '47', '1', 'SC_HotCity', '10', '长春', '热门城市', 'remenchengshi', 'rmcs', '', '19', null, '1');
INSERT INTO `sys_dict` VALUES ('58', '47', '1', 'SC_HotCity', '11', '沈阳', '热门城市', 'remenchengshi', 'rmcs', '', '20', null, '1');
INSERT INTO `sys_dict` VALUES ('59', '47', '1', 'SC_HotCity', '12', '南京', '热门城市', 'remenchengshi', 'rmcs', '', '21', null, '1');
INSERT INTO `sys_dict` VALUES ('60', '47', '1', 'SC_HotCity', '13', '济南', '热门城市', 'remenchengshi', 'rmcs', '', '22', null, '1');
INSERT INTO `sys_dict` VALUES ('61', '47', '1', 'SC_HotCity', '14', '青岛', '热门城市', 'remenchengshi', 'rmcs', '', '23', null, '1');
INSERT INTO `sys_dict` VALUES ('62', '47', '1', 'SC_HotCity', '15', '杭州', '热门城市', 'remenchengshi', 'rmcs', '', '24', null, '1');
INSERT INTO `sys_dict` VALUES ('63', '47', '1', 'SC_HotCity', '16', '苏州', '热门城市', 'remenchengshi', 'rmcs', '', '25', null, '1');
INSERT INTO `sys_dict` VALUES ('64', '47', '1', 'SC_HotCity', '17', '无锡', '热门城市', 'remenchengshi', 'rmcs', '', '26', null, '1');
INSERT INTO `sys_dict` VALUES ('65', '47', '1', 'SC_HotCity', '18', '宁波', '热门城市', 'remenchengshi', 'rmcs', '', '27', null, '1');
INSERT INTO `sys_dict` VALUES ('66', '47', '1', 'SC_HotCity', '19', '重庆', '热门城市', 'remenchengshi', 'rmcs', '', '28', null, '1');
INSERT INTO `sys_dict` VALUES ('67', '47', '1', 'SC_HotCity', '20', '郑州', '热门城市', 'remenchengshi', 'rmcs', '', '29', null, '1');
INSERT INTO `sys_dict` VALUES ('68', '47', '1', 'SC_HotCity', '21', '长沙', '热门城市', 'remenchengshi', 'rmcs', '', '30', null, '1');
INSERT INTO `sys_dict` VALUES ('69', '47', '1', 'SC_HotCity', '22', '福州', '热门城市', 'remenchengshi', 'rmcs', '', '31', null, '1');
INSERT INTO `sys_dict` VALUES ('70', '47', '1', 'SC_HotCity', '23', '哈尔滨', '热门城市', 'remenchengshi', 'rmcs', '', '32', null, '1');
INSERT INTO `sys_dict` VALUES ('71', '47', '1', 'SC_HotCity', '24', '合肥', '热门城市', 'remenchengshi', 'rmcs', '', '33', null, '1');
INSERT INTO `sys_dict` VALUES ('72', '47', '1', 'SC_HotCity', '25', '昆明', '热门城市', 'remenchengshi', 'rmcs', '', '34', null, '1');
INSERT INTO `sys_dict` VALUES ('73', '47', '1', 'SC_HotCity', '26', '佛山', '热门城市', 'remenchengshi', 'rmcs', '', '35', null, '1');
INSERT INTO `sys_dict` VALUES ('74', '47', '1', 'SC_HotCity', '27', '南昌', '热门城市', 'remenchengshi', 'rmcs', '', '36', null, '1');
INSERT INTO `sys_dict` VALUES ('75', '1', '1', 'SC_City', '-1', '省份', '省份', 'shengfen', 'sf', null, '0', null, '1');
INSERT INTO `sys_dict` VALUES ('76', '75', '1', 'SC_City', '101', '广东', '省份', 'shengfen', 'sf', '', '10', null, '1');
INSERT INTO `sys_dict` VALUES ('77', '75', '1', 'SC_City', '102', '湖北', '省份', 'shengfen', 'sf', '', '11', null, '1');
INSERT INTO `sys_dict` VALUES ('78', '75', '1', 'SC_City', '103', '陕西', '省份', 'shengfen', 'sf', '', '12', null, '1');
INSERT INTO `sys_dict` VALUES ('79', '75', '1', 'SC_City', '104', '四川', '省份', 'shengfen', 'sf', '', '13', null, '1');
INSERT INTO `sys_dict` VALUES ('80', '75', '1', 'SC_City', '105', '辽宁', '省份', 'shengfen', 'sf', '', '14', null, '1');
INSERT INTO `sys_dict` VALUES ('81', '75', '1', 'SC_City', '106', '吉林', '省份', 'shengfen', 'sf', '', '15', null, '1');
INSERT INTO `sys_dict` VALUES ('82', '75', '1', 'SC_City', '107', '江苏', '省份', 'shengfen', 'sf', '', '16', null, '1');
INSERT INTO `sys_dict` VALUES ('83', '75', '1', 'SC_City', '108', '山东', '省份', 'shengfen', 'sf', '', '17', null, '1');
INSERT INTO `sys_dict` VALUES ('84', '75', '1', 'SC_City', '109', '浙江', '省份', 'shengfen', 'sf', '', '18', null, '1');
INSERT INTO `sys_dict` VALUES ('85', '75', '1', 'SC_City', '110', '广西', '省份', 'shengfen', 'sf', '', '19', null, '1');
INSERT INTO `sys_dict` VALUES ('86', '75', '1', 'SC_City', '111', '安徽', '省份', 'shengfen', 'sf', '', '20', null, '1');
INSERT INTO `sys_dict` VALUES ('87', '75', '1', 'SC_City', '112', '河北', '省份', 'shengfen', 'sf', '', '21', null, '1');
INSERT INTO `sys_dict` VALUES ('88', '75', '1', 'SC_City', '113', '山西', '省份', 'shengfen', 'sf', '', '22', null, '1');
INSERT INTO `sys_dict` VALUES ('89', '75', '1', 'SC_City', '114', '内蒙古', '省份', 'shengfen', 'sf', '', '23', null, '1');
INSERT INTO `sys_dict` VALUES ('90', '75', '1', 'SC_City', '115', '黑龙江', '省份', 'shengfen', 'sf', '', '24', null, '1');
INSERT INTO `sys_dict` VALUES ('91', '75', '1', 'SC_City', '116', '福建', '省份', 'shengfen', 'sf', '', '25', null, '1');
INSERT INTO `sys_dict` VALUES ('92', '75', '1', 'SC_City', '117', '江西', '省份', 'shengfen', 'sf', '', '26', null, '1');
INSERT INTO `sys_dict` VALUES ('93', '75', '1', 'SC_City', '118', '河南', '省份', 'shengfen', 'sf', '', '27', null, '1');
INSERT INTO `sys_dict` VALUES ('94', '75', '1', 'SC_City', '119', '湖南', '省份', 'shengfen', 'sf', '', '28', null, '1');
INSERT INTO `sys_dict` VALUES ('95', '75', '1', 'SC_City', '120', '海南', '省份', 'shengfen', 'sf', '', '29', null, '1');
INSERT INTO `sys_dict` VALUES ('96', '75', '1', 'SC_City', '121', '贵州', '省份', 'shengfen', 'sf', '', '30', null, '1');
INSERT INTO `sys_dict` VALUES ('97', '75', '1', 'SC_City', '122', '云南', '省份', 'shengfen', 'sf', '', '31', null, '1');
INSERT INTO `sys_dict` VALUES ('98', '75', '1', 'SC_City', '123', '西藏', '省份', 'shengfen', 'sf', '', '32', null, '1');
INSERT INTO `sys_dict` VALUES ('99', '75', '1', 'SC_City', '124', '甘肃', '省份', 'shengfen', 'sf', '', '33', null, '1');
INSERT INTO `sys_dict` VALUES ('100', '75', '1', 'SC_City', '125', '青海', '省份', 'shengfen', 'sf', '', '34', null, '1');
INSERT INTO `sys_dict` VALUES ('101', '75', '1', 'SC_City', '126', '宁夏', '省份', 'shengfen', 'sf', '', '35', null, '1');
INSERT INTO `sys_dict` VALUES ('102', '75', '1', 'SC_City', '127', '新疆', '省份', 'shengfen', 'sf', '', '36', null, '1');
INSERT INTO `sys_dict` VALUES ('103', '1', '1', 'SC_JobTypeMain', '0', '职位分类', '职位分类', 'zhiweifenlei', 'zwfl', null, '0', null, '1');
INSERT INTO `sys_dict` VALUES ('104', '103', '1', 'SC_JobTypeMain', '1', '软件/互联网开发/系统集成', '职位分类', 'ruanjian/hulianwangkaifa/xitongjicheng', 'rj/hlwkf/xtjc', null, '10', null, '1');
INSERT INTO `sys_dict` VALUES ('105', '103', '1', 'SC_JobTypeMain', '2', 'IT运维/技术支持', '职位分类', 'ITyunwei/jishuzhichi', 'ITyw/jszc', null, '10', null, '1');
INSERT INTO `sys_dict` VALUES ('106', '1', '1', 'SC_SubJobTypeMain', '0', '职位子分类', '职位子分类', 'zhiweizifenlei', 'zwzfl', null, '0', null, '1');
INSERT INTO `sys_dict` VALUES ('107', '104', '1', 'SC_SubJobTypeMain', '23', '互联网软件工程师', '职位子分类', 'hulianwangruanjiangongchengshi', 'hlwrjgcs', null, '10', null, '1');
INSERT INTO `sys_dict` VALUES ('108', '104', '1', 'SC_SubJobTypeMain', '29', '用户体验设计', '职位子分类', 'yonghutiyansheji', 'yhtysj', null, '10', null, '1');
INSERT INTO `sys_dict` VALUES ('109', '105', '1', 'SC_SubJobTypeMain', '3', 'IT技术支持/维护工程师', '职位子分类', 'ITjishuzhichi/weihugongchengshi', 'ITjszc/whgcs', null, '10', null, '1');
INSERT INTO `sys_dict` VALUES ('110', '105', '1', 'SC_SubJobTypeMain', '4', '大堂经理', '职位子分类', 'datangjingli', 'dtjl', null, '10', null, '0');
INSERT INTO `sys_dict` VALUES ('111', '1', '1', 'SC_EmploymentType', '0', '职位类型', '职位类型', 'zhiweileixing', 'zwlx', null, '0', null, '1');
INSERT INTO `sys_dict` VALUES ('112', '111', '1', 'SC_EmploymentType', '1', '全职', '职位类型', 'quanzhi', 'qz', null, '10', null, '1');
INSERT INTO `sys_dict` VALUES ('113', '111', '1', 'SC_EmploymentType', '2', '兼职', '职位类型', 'jianzhi', 'jz', null, '10', null, '1');
INSERT INTO `sys_dict` VALUES ('114', '1', '1', 'POSITION_PRIORITY', '0', '优先级', '优先级', 'youxianxi', 'yxj', '', '10', '', '1');
INSERT INTO `sys_dict` VALUES ('125', '114', '1', 'POSITION_PRIORITY', '1', '优先', '优先级', 'youxian', 'yx', '', '10', '', '1');
INSERT INTO `sys_dict` VALUES ('126', '114', '1', 'POSITION_PRIORITY', '2', '正常', '优先级', 'zhengchang', 'zc', '', '10', '', '1');
INSERT INTO `sys_dict` VALUES ('127', '1', '1', 'GIVEUPREASON_OFFER', '0', '放弃offer原因', '放弃offer原因', 'fangqiofferyuanyin', 'fqofferyy', null, '11', null, '1');
INSERT INTO `sys_dict` VALUES ('128', '127', '1', 'GIVEUPREASON_OFFER', '1', '薪资', '放弃offer原因', 'xinzi', 'xz', null, '21', null, '1');
INSERT INTO `sys_dict` VALUES ('129', '127', '1', 'GIVEUPREASON_OFFER', '2', '其他', '放弃offer原因', 'qita', 'qt', null, '31', null, '1');
INSERT INTO `sys_dict` VALUES ('130', '1', '1', 'GIVEUPREASON_JOIN', '0', '放弃入职原因', '放弃入职原因', 'fangqiruzhiyuanyin', 'fqrzyy', null, '11', null, '1');
INSERT INTO `sys_dict` VALUES ('131', '130', '1', 'GIVEUPREASON_JOIN', '1', '薪资', '放弃入职原因', 'xinzi', 'xz', null, '21', null, '1');
INSERT INTO `sys_dict` VALUES ('132', '130', '1', 'GIVEUPREASON_JOIN', '2', '其他', '放弃入职原因', 'qita', 'qt', null, '21', null, '1');
INSERT INTO `sys_dict` VALUES ('133', '1', '1', 'RESUME_TYPE', '0', '简历类型', '简历类型', 'jianlileixing', 'jllx', null, '11', null, '1');
INSERT INTO `sys_dict` VALUES ('134', '133', '1', 'RESUME_TYPE', '1', '主动投递', '简历类型', 'zhudongtoudi', 'zdtd', null, '21', null, '1');
INSERT INTO `sys_dict` VALUES ('135', '133', '1', 'RESUME_TYPE', '2', '爬虫爬取', '简历类型', 'pachongpaqu', 'pcpq', null, '31', null, '1');
INSERT INTO `sys_dict` VALUES ('136', '133', '1', 'RESUME_TYPE', '3', '手工录入', '简历类型', 'shougongluru', 'sglr', null, '41', null, '1');
INSERT INTO `sys_dict` VALUES ('137', '133', '1', 'RESUME_TYPE', '4', '主动录入-手工修改', '简历类型', 'zhudongluru-shougongxiugai', 'zdlr-sgxg', null, '51', null, '1');
INSERT INTO `sys_dict` VALUES ('138', '133', '1', 'RESUME_TYPE', '5', '爬虫爬取-手工修改', '简历类型', 'pachongpaqu-shougongxiugai', 'pcpq-sgxg', null, '61', null, '1');
INSERT INTO `sys_dict` VALUES ('139', '1', '1', 'ExpectedSalary', '-1', '查询简历月薪', '查询简历月薪', 'qiwangyuexin', 'qwyx', '', '0', '', '1');
INSERT INTO `sys_dict` VALUES ('140', '139', '1', 'ExpectedSalary', '0', '不限', '查询简历月薪', 'buxian', 'bx', '', '10', '', '1');
INSERT INTO `sys_dict` VALUES ('141', '139', '1', 'ExpectedSalary', '1', '2000以下/月', '查询简历月薪', '2000', '2000', '', '11', '', '1');
INSERT INTO `sys_dict` VALUES ('142', '139', '1', 'ExpectedSalary', '2', '2001-4000/月', '查询简历月薪', '2001', '2001', '', '12', '', '1');
INSERT INTO `sys_dict` VALUES ('143', '139', '1', 'ExpectedSalary', '3', '4001-6000/月', '查询简历月薪', '4001', '4001', '', '13', '', '1');
INSERT INTO `sys_dict` VALUES ('144', '139', '1', 'ExpectedSalary', '4', '6001-8000/月', '查询简历月薪', '6001', '6001', '', '14', '', '1');
INSERT INTO `sys_dict` VALUES ('145', '139', '1', 'ExpectedSalary', '5', '8001-10000/月', '查询简历月薪', '8001', '8001', '', '15', '', '1');
INSERT INTO `sys_dict` VALUES ('146', '139', '1', 'ExpectedSalary', '6', '10001-15000/月', '查询简历月薪', '10001', '10001', '', '16', '', '1');
INSERT INTO `sys_dict` VALUES ('147', '139', '1', 'ExpectedSalary', '7', '15001-25000/月', '查询简历月薪', '15001', '15001', '', '17', '', '1');
INSERT INTO `sys_dict` VALUES ('148', '139', '1', 'ExpectedSalary', '8', '25001以上/月', '查询简历月薪', '25001', '25001', '', '18', '', '1');
INSERT INTO `sys_dict` VALUES ('149', '139', '1', 'ExpectedSalary', '9', '面议', '查询简历月薪', 'mianyi', 'my', '', '19', '', '1');
INSERT INTO `sys_dict` VALUES ('150', '139', '1', 'ExpectedSalary', '10', '其他', '查询简历月薪', 'qita', 'qt', '', '20', '', '1');
INSERT INTO `sys_dict` VALUES ('151', '103', '1', 'SC_JobTypeMain', '3', '客服/售前/售后技术支持', '职位分类', 'kefu/shouqian/shouhoujishuzhichi', 'kf/sq/shjszc', null, '10', null, '1');
INSERT INTO `sys_dict` VALUES ('152', '151', '1', 'SC_SubJobTypeMain', '4', '售前/售后技术支持工程师', '职位分类', 'shouqian/shouhoujishuzhichigongchengshi', 'sq/shjszcgcs', null, '20', null, '1');
INSERT INTO `sys_dict` VALUES ('153', '1', '1', 'PS_EmploymentType', '-1', '外部职位职位类型', '外部职位职位类型', 'waibuzhiweizhiweileixing', 'wbzwzwlx', null, '0', null, '1');
INSERT INTO `sys_dict` VALUES ('154', '153', '1', 'PS_EmploymentType', '1', '兼职', '外部职位职位类型', 'jianzhi', 'jz', null, '10', null, '1');
INSERT INTO `sys_dict` VALUES ('155', '153', '1', 'PS_EmploymentType', '2', '全职', '外部职位职位类型', 'quanzhi', 'qz', null, '10', null, '1');
INSERT INTO `sys_dict` VALUES ('156', '1', '1', 'PS_EducationLevel', '-1', '外部职位学历', '外部职位学历', 'waibuzhiweixueli', 'wbzwxl', null, '0', null, '1');
INSERT INTO `sys_dict` VALUES ('157', '156', '1', 'PS_EducationLevel', '1', '初中及以下', '外部职位学历', 'chuzhongjiyixia', 'czjyx', null, '10', null, '1');
INSERT INTO `sys_dict` VALUES ('158', '156', '1', 'PS_EducationLevel', '2', '高中', '外部职位学历', 'gaozhong', 'gz', null, '10', null, '1');
INSERT INTO `sys_dict` VALUES ('159', '156', '1', 'PS_EducationLevel', '3', '中技', '外部职位学历', 'zhongji', 'zj', null, '10', null, '1');
INSERT INTO `sys_dict` VALUES ('160', '156', '1', 'PS_EducationLevel', '4', '中专', '外部职位学历', 'zhongzhuan', 'zz', null, '10', null, '1');
INSERT INTO `sys_dict` VALUES ('161', '156', '1', 'PS_EducationLevel', '5', '大专', '外部职位学历', 'dazhuan', 'dz', null, '10', null, '1');
INSERT INTO `sys_dict` VALUES ('162', '156', '1', 'PS_EducationLevel', '6', '本科', '外部职位学历', 'benke', 'bk', null, '10', null, '1');
INSERT INTO `sys_dict` VALUES ('163', '156', '1', 'PS_EducationLevel', '7', '硕士', '外部职位学历', 'shuoshi', 'ss', null, '10', null, '1');
INSERT INTO `sys_dict` VALUES ('164', '156', '1', 'PS_EducationLevel', '8', '博士', '外部职位学历', 'boshi', 'bs', null, '10', null, '1');
INSERT INTO `sys_dict` VALUES ('165', '1', '1', 'PS_WorkYears', '-1', '外部职位工作年限', '外部职位工作年限', 'waibuzhiweigongzuonianxian', 'wbzwgznx', null, '0', null, '1');
INSERT INTO `sys_dict` VALUES ('166', '165', '1', 'PS_WorkYears', '1', '在读学生', '外部职位工作年限', 'zaiduxuesheng', 'zdxs', null, '10', null, '1');
INSERT INTO `sys_dict` VALUES ('167', '165', '1', 'PS_WorkYears', '2', '应届毕业生', '外部职位工作年限', 'yingjiebiyesheng', 'yjbys', null, '10', null, '1');
INSERT INTO `sys_dict` VALUES ('168', '165', '1', 'PS_WorkYears', '3', '1年', '外部职位工作年限', '1nian', '1n', null, '10', null, '1');
INSERT INTO `sys_dict` VALUES ('169', '165', '1', 'PS_WorkYears', '4', '2年', '外部职位工作年限', '2nian', '2n', null, '10', null, '1');
INSERT INTO `sys_dict` VALUES ('170', '165', '1', 'PS_WorkYears', '5', '3-4年', '外部职位工作年限', '3-4nian', '3-4n', null, '10', null, '1');
INSERT INTO `sys_dict` VALUES ('171', '165', '1', 'PS_WorkYears', '6', '5-7年', '外部职位工作年限', '5-7nian', '5-7n', null, '10', null, '1');
INSERT INTO `sys_dict` VALUES ('172', '165', '1', 'PS_WorkYears', '7', '8-9年', '外部职位工作年限', '8-9nian', '8-9n', null, '10', null, '1');
INSERT INTO `sys_dict` VALUES ('173', '165', '1', 'PS_WorkYears', '8', '10年以上', '外部职位工作年限', '10nianyishang', '10nys', null, '10', null, '1');
INSERT INTO `sys_dict` VALUES ('174', '1', '1', 'PS_MonthlyPay', '-1', '外部职位月薪', '外部职位月薪', 'waibuzhiweiyuexin', 'wbzwyx', null, '0', null, '1');
INSERT INTO `sys_dict` VALUES ('175', '174', '1', 'PS_MonthlyPay', '1', '1500以下', '外部职位月薪', '1500yixia', '1500yx', null, '10', null, '1');
INSERT INTO `sys_dict` VALUES ('176', '174', '1', 'PS_MonthlyPay', '2', '1500-1999', '外部职位月薪', '1500-1999', '1500-1999', null, '10', null, '1');
INSERT INTO `sys_dict` VALUES ('177', '174', '1', 'PS_MonthlyPay', '3', '2000-2999', '外部职位月薪', '2000-2999', '2000-2999', null, '10', null, '1');
INSERT INTO `sys_dict` VALUES ('178', '174', '1', 'PS_MonthlyPay', '4', '3000-4499', '外部职位月薪', '3000-4499', '3000-4499', null, '10', null, '1');
INSERT INTO `sys_dict` VALUES ('179', '174', '1', 'PS_MonthlyPay', '5', '4500-5999', '外部职位月薪', '4500-5999', '4500-5999', null, '10', null, '1');
INSERT INTO `sys_dict` VALUES ('180', '174', '1', 'PS_MonthlyPay', '6', '6000-7999', '外部职位月薪', '6000-7999', '6000-7999', null, '10', null, '1');
INSERT INTO `sys_dict` VALUES ('181', '174', '1', 'PS_MonthlyPay', '7', '8000-9999', '外部职位月薪', '8000-9999', '8000-9999', null, '10', null, '1');
INSERT INTO `sys_dict` VALUES ('182', '174', '1', 'PS_MonthlyPay', '8', '10000-14999', '外部职位月薪', '10000-14999', '10000-14999', null, '10', null, '1');
INSERT INTO `sys_dict` VALUES ('183', '174', '1', 'PS_MonthlyPay', '9', '15000-19999', '外部职位月薪', '15000-19999', '15000-19999', null, '10', null, '1');
INSERT INTO `sys_dict` VALUES ('184', '174', '1', 'PS_MonthlyPay', '10', '20000-24999', '外部职位月薪', '20000-24999', '20000-24999', null, '10', null, '1');
INSERT INTO `sys_dict` VALUES ('185', '174', '1', 'PS_MonthlyPay', '11', '25000-29999', '外部职位月薪', '25000-29999', '25000-29999', null, '10', null, '1');
INSERT INTO `sys_dict` VALUES ('186', '174', '1', 'PS_MonthlyPay', '12', '30000-39999', '外部职位月薪', '30000-39999', '30000-39999', null, '10', null, '1');
INSERT INTO `sys_dict` VALUES ('187', '174', '1', 'PS_MonthlyPay', '13', '40000-49999', '外部职位月薪', '40000-49999', '40000-49999', null, '10', null, '1');
INSERT INTO `sys_dict` VALUES ('188', '174', '1', 'PS_MonthlyPay', '14', '50000-69999', '外部职位月薪', '50000-69999', '50000-69999', null, '10', null, '1');
INSERT INTO `sys_dict` VALUES ('189', '174', '1', 'PS_MonthlyPay', '15', '70000-99999', '外部职位月薪', '70000-99999', '70000-99999', null, '10', null, '1');
INSERT INTO `sys_dict` VALUES ('190', '174', '1', 'PS_MonthlyPay', '16', '100000及以上', '外部职位月薪', '100000jiyishang', '100000jys', null, '10', null, '1');
INSERT INTO `sys_dict` VALUES ('196', '-10080001', '0', 'REQUIREMENT_TYPE', '3', '新客户需求', '需求类型', 'xinkehuxuqiu', 'xkhxq', null, '10', null, '1');
INSERT INTO `sys_dict` VALUES ('197', '-10080001', '0', 'REQUIREMENT_TYPE', '4', '独家需求', '需求类型', 'dujiaxuqiu', 'djxq', null, '100', null, '1');
INSERT INTO `sys_dict` VALUES ('198', '1', '1', 'profit', '-1', '利润率', '利润率', 'lirunlv', 'lrl', null, '1', null, '1');
INSERT INTO `sys_dict` VALUES ('199', '198', '1', 'profit', '20', '大于15%', '利润率', 'dayu15%', 'dy15%', null, '1', null, '1');
INSERT INTO `sys_dict` VALUES ('200', '198', '1', 'profit', '15', '大于10%', '利润率', 'dayu10%', 'dy10%', null, '2', null, '1');
INSERT INTO `sys_dict` VALUES ('201', '198', '1', 'profit', '10', '大于8%', '利润率', 'dayu8%', 'dy8%', null, '3', null, '1');
INSERT INTO `sys_dict` VALUES ('202', '198', '1', 'profit', '1', '小于8%', '利润率', 'xiaoyu8%', 'xy8%', null, '9', null, '1');
INSERT INTO `sys_dict` VALUES ('203', '1', '1', 'Difficulty', '-1', '难易度', '难易度', 'nanyidu', 'nyd', null, '1', null, '1');
INSERT INTO `sys_dict` VALUES ('204', '203', '1', 'Difficulty', '20', '薪水高于市场价', '难易度', 'xinshuigaoyushichangjia', 'xsgyscj', null, '2', null, '1');
INSERT INTO `sys_dict` VALUES ('205', '203', '1', 'Difficulty', '10', '薪水与市场价持平', '难易度', 'xinshuiyushichangjiachiping', 'xsyscjcp', null, '3', null, '1');
INSERT INTO `sys_dict` VALUES ('206', '203', '1', 'Difficulty', '1', '薪水低于市场价', '难易度', 'xinshuidiyushichangjia', 'xsdyscj', null, '4', null, '1');
INSERT INTO `sys_dict` VALUES ('207', '1', '1', 'demand', '-1', '需求明确性', '需求明确性', 'xuqiumingquexing', 'xqmqx', null, '1', null, '1');
INSERT INTO `sys_dict` VALUES ('208', '207', '1', 'demand', '20', '需求各类信息齐全明确', '需求明确性', 'xuqiugeleixinxiqiquanmingque', 'xqglxxqqmq', null, '2', null, '1');
INSERT INTO `sys_dict` VALUES ('209', '207', '1', 'demand', '10', '需求信息部分明确', '需求明确性', 'xuqiuxinxibufenmingque', 'xqxxbfmq', null, '3', null, '1');
INSERT INTO `sys_dict` VALUES ('210', '207', '1', 'demand', '1', '需求信息多数不明确', '需求明确性', 'xuqiuxinxiduoshubumingque', 'xqxxdsbmq', null, '4', null, '1');
INSERT INTO `sys_dict` VALUES ('211', '1', '1', 'feedback', '-1', '反馈周期', '反馈周期', 'fankuizhouqi', 'fkzq', null, '1', null, '1');
INSERT INTO `sys_dict` VALUES ('212', '211', '1', 'feedback', '20', '面试反馈周期小于一周', '反馈周期', 'mianshifankuizhouqixiaoyuyizhou', 'msfkzqxyyz', null, '2', null, '1');
INSERT INTO `sys_dict` VALUES ('213', '211', '1', 'feedback', '10', '面试反馈周期小于两周', '反馈周期', 'mianshifankuizhouqixiaoyuliangzhou', 'msfkzqxylz', null, '3', null, '1');
INSERT INTO `sys_dict` VALUES ('214', '211', '1', 'feedback', '1', '面试反馈周期大于两周', '反馈周期', 'mianshifankuizhouqidayuliangzhou', 'msfkzqdylz', null, '4', null, '1');
INSERT INTO `sys_dict` VALUES ('215', '1', '1', 'strategic', '-1', '战略意义', '战略意义', 'zhanlveyiyi', 'zlyy', null, '1', null, '1');
INSERT INTO `sys_dict` VALUES ('216', '215', '1', 'strategic', '20', '重要客户长期职位', '战略意义', 'zhongyaokehuzhangqizhiwei', 'zykhzqzw', null, '2', null, '1');
INSERT INTO `sys_dict` VALUES ('217', '215', '1', 'strategic', '10', '重短/非重长', '战略意义', 'zhongduan/feizhongzhang', 'zd/fzz', null, '4', null, '1');
INSERT INTO `sys_dict` VALUES ('218', '215', '1', 'strategic', '15', '打标职位', '战略意义', 'dabiaozhiwei', 'dbzw', null, '3', null, '1');
INSERT INTO `sys_dict` VALUES ('219', '215', '1', 'strategic', '1', '非重要客户短期职位', '战略意义', 'feizhongyaokehuduanqizhiwei', 'fzykhdqzw', null, '9', null, '1');
INSERT INTO `sys_dict` VALUES ('220', '103', '1', 'SC_JobTypeMain', '4', '硬件开发', '职位分类', 'kefujizhichi', 'kfjzc', null, '10', null, '1');
INSERT INTO `sys_dict` VALUES ('221', '103', '1', 'SC_JobTypeMain', '10', '财务/审计/税务', '职位分类', 'IT-pinguanjishuzhichi', 'IT-pgjszc', null, '10', null, '1');
INSERT INTO `sys_dict` VALUES ('222', '104', '1', 'SC_SubJobTypeMain', '32', '游戏策划', '职位子分类', 'hulianwangruanjiangongchengshi', 'hlwrjgcs', '', '10', '', '1');
INSERT INTO `sys_dict` VALUES ('223', '104', '1', 'SC_SubJobTypeMain', '28', '用户界面设计', '职位子分类', 'hulianwangruanjiangongchengshi', 'hlwrjgcs', '', '10', '', '1');
INSERT INTO `sys_dict` VALUES ('224', '104', '1', 'SC_SubJobTypeMain', '34', '系统集成工程师', '职位子分类', 'hulianwangruanjiangongchengshi', 'hlwrjgcs', '', '10', '', '1');
INSERT INTO `sys_dict` VALUES ('225', '104', '1', 'SC_SubJobTypeMain', '31', '游戏设计/开发', '职位子分类', 'hulianwangruanjiangongchengshi', 'hlwrjgcs', '', '10', '', '1');
INSERT INTO `sys_dict` VALUES ('226', '104', '1', 'SC_SubJobTypeMain', '38', '网站架构设计师', '职位子分类', 'hulianwangruanjiangongchengshi', 'hlwrjgcs', '', '10', '', '1');
INSERT INTO `sys_dict` VALUES ('227', '104', '1', 'SC_SubJobTypeMain', '17', '软件研发工程师', '职位子分类', 'hulianwangruanjiangongchengshi', 'hlwrjgcs', '', '10', '', '1');
INSERT INTO `sys_dict` VALUES ('228', '104', '1', 'SC_SubJobTypeMain', '45', '其他', '职位子分类', 'hulianwangruanjiangongchengshi', 'hlwrjgcs', '', '100', '', '1');
INSERT INTO `sys_dict` VALUES ('229', '104', '1', 'SC_SubJobTypeMain', '24', '手机软件开发工程师', '职位子分类', 'hulianwangruanjiangongchengshi', 'hlwrjgcs', '', '10', '', '1');
INSERT INTO `sys_dict` VALUES ('230', '104', '1', 'SC_SubJobTypeMain', '22', 'ERP技术/开发应用', '职位子分类', 'hulianwangruanjiangongchengshi', 'hlwrjgcs', '', '10', '', '1');
INSERT INTO `sys_dict` VALUES ('231', '104', '1', 'SC_SubJobTypeMain', '30', '网页设计/制作/美工', '职位子分类', 'hulianwangruanjiangongchengshi', 'hlwrjgcs', '', '10', '', '1');
INSERT INTO `sys_dict` VALUES ('232', '104', '1', 'SC_SubJobTypeMain', '26', '移动互联网开发', '职位子分类', 'hulianwangruanjiangongchengshi', 'hlwrjgcs', '', '10', '', '1');
INSERT INTO `sys_dict` VALUES ('233', '104', '1', 'SC_SubJobTypeMain', '21', '数据库开发工程师', '职位子分类', 'hulianwangruanjiangongchengshi', 'hlwrjgcs', '', '10', '', '1');
INSERT INTO `sys_dict` VALUES ('234', '104', '1', 'SC_SubJobTypeMain', '44', '脚本开发工程师', '职位子分类', 'hulianwangruanjiangongchengshi', 'hlwrjgcs', '', '10', '', '1');
INSERT INTO `sys_dict` VALUES ('235', '104', '1', 'SC_SubJobTypeMain', '33', '游戏界面设计', '职位子分类', 'hulianwangruanjiangongchengshi', 'hlwrjgcs', '', '10', '', '1');
INSERT INTO `sys_dict` VALUES ('236', '104', '1', 'SC_SubJobTypeMain', '19', '系统架构设计师', '职位子分类', 'hulianwangruanjiangongchengshi', 'hlwrjgcs', '', '10', '', '1');
INSERT INTO `sys_dict` VALUES ('237', '104', '1', 'SC_SubJobTypeMain', '2', 'WEB前端开发', '职位子分类', 'hulianwangruanjiangongchengshi', 'hlwrjgcs', '', '10', '', '1');
INSERT INTO `sys_dict` VALUES ('238', '104', '1', 'SC_SubJobTypeMain', '20', '系统分析员', '职位子分类', 'hulianwangruanjiangongchengshi', 'hlwrjgcs', '', '10', '', '1');
INSERT INTO `sys_dict` VALUES ('239', '104', '1', 'SC_SubJobTypeMain', '1', '软件工程师', '职位子分类', 'hulianwangruanjiangongchengshi', 'hlwrjgcs', '', '10', '', '1');
INSERT INTO `sys_dict` VALUES ('240', '104', '1', 'SC_SubJobTypeMain', '35', '算法工程师', '职位子分类', 'hulianwangruanjiangongchengshi', 'hlwrjgcs', '', '10', '', '1');
INSERT INTO `sys_dict` VALUES ('241', '104', '1', 'SC_SubJobTypeMain', '27', '语音/视频/图形开发', '职位子分类', 'hulianwangruanjiangongchengshi', 'hlwrjgcs', '', '10', '', '1');
INSERT INTO `sys_dict` VALUES ('242', '104', '1', 'SC_SubJobTypeMain', '39', 'IOS开发工程师', '职位子分类', 'hulianwangruanjiangongchengshi', 'hlwrjgcs', '', '10', '', '1');
INSERT INTO `sys_dict` VALUES ('243', '104', '1', 'SC_SubJobTypeMain', '42', 'PHP开发工程师', '职位子分类', 'hulianwangruanjiangongchengshi', 'hlwrjgcs', '', '10', '', '1');
INSERT INTO `sys_dict` VALUES ('244', '104', '1', 'SC_SubJobTypeMain', '37', '计算机辅助设计师', '职位子分类', 'hulianwangruanjiangongchengshi', 'hlwrjgcs', '', '10', '', '1');
INSERT INTO `sys_dict` VALUES ('245', '104', '1', 'SC_SubJobTypeMain', '18', '需求工程师', '职位子分类', 'hulianwangruanjiangongchengshi', 'hlwrjgcs', '', '10', '', '1');
INSERT INTO `sys_dict` VALUES ('246', '104', '1', 'SC_SubJobTypeMain', '43', 'C语言开发工程师', '职位子分类', 'hulianwangruanjiangongchengshi', 'hlwrjgcs', '', '10', '', '1');
INSERT INTO `sys_dict` VALUES ('247', '104', '1', 'SC_SubJobTypeMain', '41', 'Java开发工程师', '职位子分类', 'hulianwangruanjiangongchengshi', 'hlwrjgcs', '', '10', '', '1');
INSERT INTO `sys_dict` VALUES ('248', '104', '1', 'SC_SubJobTypeMain', '36', '仿真应用工程师', '职位子分类', 'hulianwangruanjiangongchengshi', 'hlwrjgcs', '', '10', '', '1');
INSERT INTO `sys_dict` VALUES ('249', '104', '1', 'SC_SubJobTypeMain', '25', '嵌入式软件开发', '职位子分类', 'hulianwangruanjiangongchengshi', 'hlwrjgcs', '', '10', '', '1');
INSERT INTO `sys_dict` VALUES ('250', '104', '1', 'SC_SubJobTypeMain', '16', '高级软件工程师', '职位子分类', 'hulianwangruanjiangongchengshi', 'hlwrjgcs', '', '10', '', '1');
INSERT INTO `sys_dict` VALUES ('251', '104', '1', 'SC_SubJobTypeMain', '40', 'Android开发工程师', '职位子分类', 'hulianwangruanjiangongchengshi', 'hlwrjgcs', '', '10', '', '1');
INSERT INTO `sys_dict` VALUES ('252', '105', '1', 'SC_SubJobTypeMain', '59', 'Helpdesk', '职位子分类', 'hulianwangruanjiangongchengshi', 'hlwrjgcs', '', '10', '', '1');
INSERT INTO `sys_dict` VALUES ('253', '105', '1', 'SC_SubJobTypeMain', '47', '信息技术专员', '职位子分类', 'hulianwangruanjiangongchengshi', 'hlwrjgcs', '', '10', '', '1');
INSERT INTO `sys_dict` VALUES ('254', '105', '1', 'SC_SubJobTypeMain', '49', '系统工程师', '职位子分类', 'hulianwangruanjiangongchengshi', 'hlwrjgcs', '', '10', '', '1');
INSERT INTO `sys_dict` VALUES ('255', '105', '1', 'SC_SubJobTypeMain', '53', '网络与信息安全工程师', '职位子分类', 'hulianwangruanjiangongchengshi', 'hlwrjgcs', '', '10', '', '1');
INSERT INTO `sys_dict` VALUES ('256', '105', '1', 'SC_SubJobTypeMain', '52', '网络管理员', '职位子分类', 'hulianwangruanjiangongchengshi', 'hlwrjgcs', '', '10', '', '1');
INSERT INTO `sys_dict` VALUES ('257', '105', '1', 'SC_SubJobTypeMain', '50', '系统管理员', '职位子分类', 'hulianwangruanjiangongchengshi', 'hlwrjgcs', '', '10', '', '1');
INSERT INTO `sys_dict` VALUES ('258', '105', '1', 'SC_SubJobTypeMain', '54', '数据库管理员', '职位子分类', 'hulianwangruanjiangongchengshi', 'hlwrjgcs', '', '10', '', '1');
INSERT INTO `sys_dict` VALUES ('259', '105', '1', 'SC_SubJobTypeMain', '55', '计算机硬件维护工程师', '职位子分类', 'hulianwangruanjiangongchengshi', 'hlwrjgcs', '', '10', '', '1');
INSERT INTO `sys_dict` VALUES ('260', '105', '1', 'SC_SubJobTypeMain', '60', '其他', '职位子分类', 'hulianwangruanjiangongchengshi', 'hlwrjgcs', '', '100', '', '1');
INSERT INTO `sys_dict` VALUES ('261', '105', '1', 'SC_SubJobTypeMain', '56', 'ERP实施顾问', '职位子分类', 'hulianwangruanjiangongchengshi', 'hlwrjgcs', '', '10', '', '1');
INSERT INTO `sys_dict` VALUES ('262', '105', '1', 'SC_SubJobTypeMain', '48', 'IT技术支持/维护经理', '职位子分类', 'hulianwangruanjiangongchengshi', 'hlwrjgcs', '', '10', '', '1');
INSERT INTO `sys_dict` VALUES ('263', '105', '1', 'SC_SubJobTypeMain', '3', 'IT技术支持/维护工程师', '职位子分类', 'hulianwangruanjiangongchengshi', 'hlwrjgcs', '', '10', '', '1');
INSERT INTO `sys_dict` VALUES ('264', '105', '1', 'SC_SubJobTypeMain', '57', 'IT技术文员/助理', '职位子分类', 'hulianwangruanjiangongchengshi', 'hlwrjgcs', '', '10', '', '1');
INSERT INTO `sys_dict` VALUES ('265', '105', '1', 'SC_SubJobTypeMain', '51', '网络工程师', '职位子分类', 'hulianwangruanjiangongchengshi', 'hlwrjgcs', '', '10', '', '1');
INSERT INTO `sys_dict` VALUES ('266', '105', '1', 'SC_SubJobTypeMain', '58', 'IT文档工程师', '职位子分类', 'hulianwangruanjiangongchengshi', 'hlwrjgcs', '', '10', '', '1');
INSERT INTO `sys_dict` VALUES ('267', '105', '1', 'SC_SubJobTypeMain', '46', '信息技术经理/主管', '职位子分类', 'hulianwangruanjiangongchengshi', 'hlwrjgcs', '', '10', '', '1');
INSERT INTO `sys_dict` VALUES ('268', '151', '1', 'SC_SubJobTypeMain', '6', '客户服务经理', '职位子分类', 'hulianwangruanjiangongchengshi', 'hlwrjgcs', '', '10', '', '1');
INSERT INTO `sys_dict` VALUES ('269', '151', '1', 'SC_SubJobTypeMain', '8', '客户服务专员/助理', '职位子分类', 'hulianwangruanjiangongchengshi', 'hlwrjgcs', '', '10', '', '1');
INSERT INTO `sys_dict` VALUES ('270', '151', '1', 'SC_SubJobTypeMain', '12', '售前/售后技术支持管理', '职位子分类', 'hulianwangruanjiangongchengshi', 'hlwrjgcs', '', '10', '', '1');
INSERT INTO `sys_dict` VALUES ('271', '151', '1', 'SC_SubJobTypeMain', '7', '客户服务主管', '职位子分类', 'hulianwangruanjiangongchengshi', 'hlwrjgcs', '', '10', '', '1');
INSERT INTO `sys_dict` VALUES ('272', '151', '1', 'SC_SubJobTypeMain', '10', '客户咨询热线/呼叫中心人员', '职位子分类', 'hulianwangruanjiangongchengshi', 'hlwrjgcs', '', '10', '', '1');
INSERT INTO `sys_dict` VALUES ('273', '151', '1', 'SC_SubJobTypeMain', '4', '售前/售后技术支持工程师', '职位子分类', 'hulianwangruanjiangongchengshi', 'hlwrjgcs', '', '10', '', '1');
INSERT INTO `sys_dict` VALUES ('274', '151', '1', 'SC_SubJobTypeMain', '15', '其他', '职位子分类', 'hulianwangruanjiangongchengshi', 'hlwrjgcs', '', '100', '', '1');
INSERT INTO `sys_dict` VALUES ('275', '151', '1', 'SC_SubJobTypeMain', '9', '客户关系/投诉协调人员', '职位子分类', 'hulianwangruanjiangongchengshi', 'hlwrjgcs', '', '10', '', '1');
INSERT INTO `sys_dict` VALUES ('276', '151', '1', 'SC_SubJobTypeMain', '5', '客户服务总监', '职位子分类', 'hulianwangruanjiangongchengshi', 'hlwrjgcs', '', '10', '', '1');
INSERT INTO `sys_dict` VALUES ('277', '151', '1', 'SC_SubJobTypeMain', '11', '网络/在线客服', '职位子分类', 'hulianwangruanjiangongchengshi', 'hlwrjgcs', '', '10', '', '1');
INSERT INTO `sys_dict` VALUES ('278', '151', '1', 'SC_SubJobTypeMain', '13', 'VIP专员', '职位子分类', 'hulianwangruanjiangongchengshi', 'hlwrjgcs', '', '10', '', '1');
INSERT INTO `sys_dict` VALUES ('279', '151', '1', 'SC_SubJobTypeMain', '14', '呼叫中心客服', '职位子分类', 'hulianwangruanjiangongchengshi', 'hlwrjgcs', '', '10', '', '1');
INSERT INTO `sys_dict` VALUES ('280', '220', '1', 'SC_SubJobTypeMain', '62', '硬件工程师', '职位子分类', 'hulianwangruanjiangongchengshi', 'hlwrjgcs', '', '10', '', '1');
INSERT INTO `sys_dict` VALUES ('281', '220', '1', 'SC_SubJobTypeMain', '61', '高级硬件工程师', '职位子分类', 'hulianwangruanjiangongchengshi', 'hlwrjgcs', '', '10', '', '1');
INSERT INTO `sys_dict` VALUES ('282', '220', '1', 'SC_SubJobTypeMain', '63', '嵌入式硬件开发', '职位子分类', 'hulianwangruanjiangongchengshi', 'hlwrjgcs', '', '10', '', '1');
INSERT INTO `sys_dict` VALUES ('283', '220', '1', 'SC_SubJobTypeMain', '64', '其他', '职位子分类', 'hulianwangruanjiangongchengshi', 'hlwrjgcs', '', '100', '', '1');
INSERT INTO `sys_dict` VALUES ('284', '103', '1', 'SC_JobTypeMain', '7', '项目管理/项目协调', '职位分类', 'hulianwangruanjiangongchengshi', 'hlwrjgcs', '', '10', '', '1');
INSERT INTO `sys_dict` VALUES ('285', '103', '1', 'SC_JobTypeMain', '8', '行政/后勤/文秘', '职位分类', 'hulianwangruanjiangongchengshi', 'hlwrjgcs', '', '10', '', '1');
INSERT INTO `sys_dict` VALUES ('286', '103', '1', 'SC_JobTypeMain', '5', '其他', '职位分类', 'hulianwangruanjiangongchengshi', 'hlwrjgcs', '', '100', '', '1');
INSERT INTO `sys_dict` VALUES ('289', '103', '1', 'SC_JobTypeMain', '6', '实习生/培训生/储备干部', '职位分类', 'hulianwangruanjiangongchengshi', 'hlwrjgcs', '', '10', '', '1');
INSERT INTO `sys_dict` VALUES ('290', '103', '1', 'SC_JobTypeMain', '11', 'IT管理/项目协调', '职位分类', 'hulianwangruanjiangongchengshi', 'hlwrjgcs', '', '10', '', '1');
INSERT INTO `sys_dict` VALUES ('292', '103', '1', 'SC_JobTypeMain', '9', '人力资源', '职位分类', 'hulianwangruanjiangongchengshi', 'hlwrjgcs', '', '10', '', '1');
INSERT INTO `sys_dict` VALUES ('293', '103', '1', 'SC_JobTypeMain', '13', '互联网产品/运营管理', '职位分类', 'hulianwangruanjiangongchengshi', 'hlwrjgcs', '', '10', '', '1');
INSERT INTO `sys_dict` VALUES ('294', '103', '1', 'SC_JobTypeMain', '12', 'IT质量管理/测试/配置管理', '职位分类', 'hulianwangruanjiangongchengshi', 'hlwrjgcs', '', '10', '', '1');
INSERT INTO `sys_dict` VALUES ('295', '286', '1', 'SC_SubJobTypeMain', '65', '其他', '职位子分类', 'hulianwangruanjiangongchengshi', 'hlwrjgcs', '', '10', '', '1');
INSERT INTO `sys_dict` VALUES ('296', '289', '1', 'SC_SubJobTypeMain', '66', '实习生', '职位子分类', 'hulianwangruanjiangongchengshi', 'hlwrjgcs', '', '10', '', '1');
INSERT INTO `sys_dict` VALUES ('297', '289', '1', 'SC_SubJobTypeMain', '67', '培训生', '职位子分类', 'hulianwangruanjiangongchengshi', 'hlwrjgcs', '', '10', '', '1');
INSERT INTO `sys_dict` VALUES ('298', '289', '1', 'SC_SubJobTypeMain', '69', '其他', '职位子分类', 'hulianwangruanjiangongchengshi', 'hlwrjgcs', '', '100', '', '1');
INSERT INTO `sys_dict` VALUES ('299', '289', '1', 'SC_SubJobTypeMain', '68', '储备干部', '职位子分类', 'hulianwangruanjiangongchengshi', 'hlwrjgcs', '', '10', '', '1');
INSERT INTO `sys_dict` VALUES ('300', '284', '1', 'SC_SubJobTypeMain', '184', '医药项目管理', '职位子分类', 'hulianwangruanjiangongchengshi', 'hlwrjgcs', '', '10', '', '1');
INSERT INTO `sys_dict` VALUES ('301', '284', '1', 'SC_SubJobTypeMain', '176', '房地产项目管理', '职位子分类', 'hulianwangruanjiangongchengshi', 'hlwrjgcs', '', '10', '', '1');
INSERT INTO `sys_dict` VALUES ('302', '284', '1', 'SC_SubJobTypeMain', '167', '项目总监', '职位子分类', 'hulianwangruanjiangongchengshi', 'hlwrjgcs', '', '10', '', '1');
INSERT INTO `sys_dict` VALUES ('303', '284', '1', 'SC_SubJobTypeMain', '185', '化工项目管理', '职位子分类', 'hulianwangruanjiangongchengshi', 'hlwrjgcs', '', '10', '', '1');
INSERT INTO `sys_dict` VALUES ('304', '284', '1', 'SC_SubJobTypeMain', '177', '证券/投资项目管理', '职位子分类', 'hulianwangruanjiangongchengshi', 'hlwrjgcs', '', '10', '', '1');
INSERT INTO `sys_dict` VALUES ('305', '284', '1', 'SC_SubJobTypeMain', '189', '项目计划合约专员', '职位子分类', 'hulianwangruanjiangongchengshi', 'hlwrjgcs', '', '10', '', '1');
INSERT INTO `sys_dict` VALUES ('306', '284', '1', 'SC_SubJobTypeMain', '174', '通信项目管理', '职位子分类', 'hulianwangruanjiangongchengshi', 'hlwrjgcs', '', '10', '', '1');
INSERT INTO `sys_dict` VALUES ('307', '284', '1', 'SC_SubJobTypeMain', '175', '房地产项目配套工程师', '职位子分类', 'hulianwangruanjiangongchengshi', 'hlwrjgcs', '', '10', '', '1');
INSERT INTO `sys_dict` VALUES ('308', '284', '1', 'SC_SubJobTypeMain', '187', '咨询项目管理', '职位子分类', 'hulianwangruanjiangongchengshi', 'hlwrjgcs', '', '10', '', '1');
INSERT INTO `sys_dict` VALUES ('309', '284', '1', 'SC_SubJobTypeMain', '186', '物流/仓储项目管理', '职位子分类', 'hulianwangruanjiangongchengshi', 'hlwrjgcs', '', '10', '', '1');
INSERT INTO `sys_dict` VALUES ('310', '284', '1', 'SC_SubJobTypeMain', '191', '其他', '职位子分类', 'hulianwangruanjiangongchengshi', 'hlwrjgcs', '', '100', '', '1');
INSERT INTO `sys_dict` VALUES ('311', '284', '1', 'SC_SubJobTypeMain', '188', '能源/矿产项目管理', '职位子分类', 'hulianwangruanjiangongchengshi', 'hlwrjgcs', '', '10', '', '1');
INSERT INTO `sys_dict` VALUES ('312', '284', '1', 'SC_SubJobTypeMain', '169', '项目专员/助理', '职位子分类', 'hulianwangruanjiangongchengshi', 'hlwrjgcs', '', '10', '', '1');
INSERT INTO `sys_dict` VALUES ('313', '284', '1', 'SC_SubJobTypeMain', '183', '服装/纺织/皮革项目管理', '职位子分类', 'hulianwangruanjiangongchengshi', 'hlwrjgcs', '', '10', '', '1');
INSERT INTO `sys_dict` VALUES ('314', '284', '1', 'SC_SubJobTypeMain', '173', 'IT项目执行/协调人员', '职位子分类', 'hulianwangruanjiangongchengshi', 'hlwrjgcs', '', '10', '', '1');
INSERT INTO `sys_dict` VALUES ('315', '284', '1', 'SC_SubJobTypeMain', '178', '保险项目经理/主管', '职位子分类', 'hulianwangruanjiangongchengshi', 'hlwrjgcs', '', '10', '', '1');
INSERT INTO `sys_dict` VALUES ('316', '284', '1', 'SC_SubJobTypeMain', '168', '项目经理/项目主管', '职位子分类', 'hulianwangruanjiangongchengshi', 'hlwrjgcs', '', '10', '', '1');
INSERT INTO `sys_dict` VALUES ('317', '284', '1', 'SC_SubJobTypeMain', '190', '项目招投标', '职位子分类', 'hulianwangruanjiangongchengshi', 'hlwrjgcs', '', '10', '', '1');
INSERT INTO `sys_dict` VALUES ('318', '284', '1', 'SC_SubJobTypeMain', '171', 'IT项目总监', '职位子分类', 'hulianwangruanjiangongchengshi', 'hlwrjgcs', '', '10', '', '1');
INSERT INTO `sys_dict` VALUES ('319', '284', '1', 'SC_SubJobTypeMain', '179', '生产项目经理/主管', '职位子分类', 'hulianwangruanjiangongchengshi', 'hlwrjgcs', '', '10', '', '1');
INSERT INTO `sys_dict` VALUES ('320', '284', '1', 'SC_SubJobTypeMain', '172', 'IT项目经理/主管', '职位子分类', 'hulianwangruanjiangongchengshi', 'hlwrjgcs', '', '10', '', '1');
INSERT INTO `sys_dict` VALUES ('321', '284', '1', 'SC_SubJobTypeMain', '182', '电子/电器项目管理', '职位子分类', 'hulianwangruanjiangongchengshi', 'hlwrjgcs', '', '10', '', '1');
INSERT INTO `sys_dict` VALUES ('322', '284', '1', 'SC_SubJobTypeMain', '170', '广告/会展项目管理', '职位子分类', 'hulianwangruanjiangongchengshi', 'hlwrjgcs', '', '10', '', '1');
INSERT INTO `sys_dict` VALUES ('323', '284', '1', 'SC_SubJobTypeMain', '180', '生产项目工程师', '职位子分类', 'hulianwangruanjiangongchengshi', 'hlwrjgcs', '', '10', '', '1');
INSERT INTO `sys_dict` VALUES ('324', '284', '1', 'SC_SubJobTypeMain', '181', '汽车工程项目管理', '职位子分类', 'hulianwangruanjiangongchengshi', 'hlwrjgcs', '', '10', '', '1');
INSERT INTO `sys_dict` VALUES ('325', '285', '1', 'SC_SubJobTypeMain', '162', '后勤人员', '职位子分类', 'hulianwangruanjiangongchengshi', 'hlwrjgcs', '', '10', '', '1');
INSERT INTO `sys_dict` VALUES ('326', '285', '1', 'SC_SubJobTypeMain', '163', '党工团干事', '职位子分类', 'hulianwangruanjiangongchengshi', 'hlwrjgcs', '', '10', '', '1');
INSERT INTO `sys_dict` VALUES ('327', '285', '1', 'SC_SubJobTypeMain', '156', '行政经理/主管/办公室主任', '职位子分类', 'hulianwangruanjiangongchengshi', 'hlwrjgcs', '', '10', '', '1');
INSERT INTO `sys_dict` VALUES ('328', '285', '1', 'SC_SubJobTypeMain', '160', '文档/资料管理', '职位子分类', 'hulianwangruanjiangongchengshi', 'hlwrjgcs', '', '10', '', '1');
INSERT INTO `sys_dict` VALUES ('329', '285', '1', 'SC_SubJobTypeMain', '155', '行政总监', '职位子分类', 'hulianwangruanjiangongchengshi', 'hlwrjgcs', '', '10', '', '1');
INSERT INTO `sys_dict` VALUES ('330', '285', '1', 'SC_SubJobTypeMain', '164', '图书管理员', '职位子分类', 'hulianwangruanjiangongchengshi', 'hlwrjgcs', '', '10', '', '1');
INSERT INTO `sys_dict` VALUES ('331', '285', '1', 'SC_SubJobTypeMain', '161', '电脑操作/打字/录入员', '职位子分类', 'hulianwangruanjiangongchengshi', 'hlwrjgcs', '', '10', '', '1');
INSERT INTO `sys_dict` VALUES ('332', '285', '1', 'SC_SubJobTypeMain', '165', '内勤人员', '职位子分类', 'hulianwangruanjiangongchengshi', 'hlwrjgcs', '', '10', '', '1');
INSERT INTO `sys_dict` VALUES ('333', '285', '1', 'SC_SubJobTypeMain', '157', '行政专员/助理', '职位子分类', 'hulianwangruanjiangongchengshi', 'hlwrjgcs', '', '10', '', '1');
INSERT INTO `sys_dict` VALUES ('334', '285', '1', 'SC_SubJobTypeMain', '158', '助理/秘书/文员', '职位子分类', 'hulianwangruanjiangongchengshi', 'hlwrjgcs', '', '10', '', '1');
INSERT INTO `sys_dict` VALUES ('335', '285', '1', 'SC_SubJobTypeMain', '166', '其他', '职位子分类', 'hulianwangruanjiangongchengshi', 'hlwrjgcs', '', '100', '', '1');
INSERT INTO `sys_dict` VALUES ('336', '285', '1', 'SC_SubJobTypeMain', '159', '前台/总机/接待', '职位子分类', 'hulianwangruanjiangongchengshi', 'hlwrjgcs', '', '10', '', '1');
INSERT INTO `sys_dict` VALUES ('337', '290', '1', 'SC_SubJobTypeMain', '110', 'IT项目总监', '职位子分类', 'hulianwangruanjiangongchengshi', 'hlwrjgcs', '', '10', '', '1');
INSERT INTO `sys_dict` VALUES ('338', '290', '1', 'SC_SubJobTypeMain', '107', 'CTO/CIO', '职位子分类', 'hulianwangruanjiangongchengshi', 'hlwrjgcs', '', '10', '', '1');
INSERT INTO `sys_dict` VALUES ('339', '290', '1', 'SC_SubJobTypeMain', '109', 'IT技术/研发经理/主管', '职位子分类', 'hulianwangruanjiangongchengshi', 'hlwrjgcs', '', '10', '', '1');
INSERT INTO `sys_dict` VALUES ('340', '290', '1', 'SC_SubJobTypeMain', '113', '其他', '职位子分类', 'hulianwangruanjiangongchengshi', 'hlwrjgcs', '', '100', '', '1');
INSERT INTO `sys_dict` VALUES ('341', '290', '1', 'SC_SubJobTypeMain', '111', 'IT项目经理/主管', '职位子分类', 'hulianwangruanjiangongchengshi', 'hlwrjgcs', '', '10', '', '1');
INSERT INTO `sys_dict` VALUES ('342', '290', '1', 'SC_SubJobTypeMain', '112', 'IT项目执行/协调人员', '职位子分类', 'hulianwangruanjiangongchengshi', 'hlwrjgcs', '', '10', '', '1');
INSERT INTO `sys_dict` VALUES ('343', '290', '1', 'SC_SubJobTypeMain', '108', 'IT技术/研发总监', '职位子分类', 'hulianwangruanjiangongchengshi', 'hlwrjgcs', '', '10', '', '1');
INSERT INTO `sys_dict` VALUES ('344', '292', '1', 'SC_SubJobTypeMain', '138', '人力资源总监', '职位子分类', 'hulianwangruanjiangongchengshi', 'hlwrjgcs', '', '10', '', '1');
INSERT INTO `sys_dict` VALUES ('345', '292', '1', 'SC_SubJobTypeMain', '145', '招聘专员/助理', '职位子分类', 'hulianwangruanjiangongchengshi', 'hlwrjgcs', '', '10', '', '1');
INSERT INTO `sys_dict` VALUES ('346', '292', '1', 'SC_SubJobTypeMain', '147', '薪酬福利专员/助理', '职位子分类', 'hulianwangruanjiangongchengshi', 'hlwrjgcs', '', '10', '', '1');
INSERT INTO `sys_dict` VALUES ('347', '292', '1', 'SC_SubJobTypeMain', '154', '其他', '职位子分类', 'hulianwangruanjiangongchengshi', 'hlwrjgcs', '', '100', '', '1');
INSERT INTO `sys_dict` VALUES ('348', '292', '1', 'SC_SubJobTypeMain', '143', '培训专员/助理', '职位子分类', 'hulianwangruanjiangongchengshi', 'hlwrjgcs', '', '10', '', '1');
INSERT INTO `sys_dict` VALUES ('349', '292', '1', 'SC_SubJobTypeMain', '140', '人力资源主管', '职位子分类', 'hulianwangruanjiangongchengshi', 'hlwrjgcs', '', '10', '', '1');
INSERT INTO `sys_dict` VALUES ('350', '292', '1', 'SC_SubJobTypeMain', '139', '人力资源经理', '职位子分类', 'hulianwangruanjiangongchengshi', 'hlwrjgcs', '', '10', '', '1');
INSERT INTO `sys_dict` VALUES ('351', '292', '1', 'SC_SubJobTypeMain', '148', '绩效考核经理/主管', '职位子分类', 'hulianwangruanjiangongchengshi', 'hlwrjgcs', '', '10', '', '1');
INSERT INTO `sys_dict` VALUES ('352', '292', '1', 'SC_SubJobTypeMain', '153', '猎头顾问/助理', '职位子分类', 'hulianwangruanjiangongchengshi', 'hlwrjgcs', '', '10', '', '1');
INSERT INTO `sys_dict` VALUES ('353', '292', '1', 'SC_SubJobTypeMain', '149', '绩效考核专员/助理', '职位子分类', 'hulianwangruanjiangongchengshi', 'hlwrjgcs', '', '10', '', '1');
INSERT INTO `sys_dict` VALUES ('354', '292', '1', 'SC_SubJobTypeMain', '146', '薪酬福利经理/主管', '职位子分类', 'hulianwangruanjiangongchengshi', 'hlwrjgcs', '', '10', '', '1');
INSERT INTO `sys_dict` VALUES ('355', '292', '1', 'SC_SubJobTypeMain', '144', '招聘经理/主管', '职位子分类', 'hulianwangruanjiangongchengshi', 'hlwrjgcs', '', '10', '', '1');
INSERT INTO `sys_dict` VALUES ('356', '292', '1', 'SC_SubJobTypeMain', '151', '企业培训师/讲师', '职位子分类', 'hulianwangruanjiangongchengshi', 'hlwrjgcs', '', '10', '', '1');
INSERT INTO `sys_dict` VALUES ('357', '292', '1', 'SC_SubJobTypeMain', '142', '培训经理/主管', '职位子分类', 'hulianwangruanjiangongchengshi', 'hlwrjgcs', '', '10', '', '1');
INSERT INTO `sys_dict` VALUES ('358', '292', '1', 'SC_SubJobTypeMain', '152', '人事信息系统(HRIS)管理', '职位子分类', 'hulianwangruanjiangongchengshi', 'hlwrjgcs', '', '10', '', '1');
INSERT INTO `sys_dict` VALUES ('359', '292', '1', 'SC_SubJobTypeMain', '141', '人力资源专员/助理', '职位子分类', 'hulianwangruanjiangongchengshi', 'hlwrjgcs', '', '10', '', '1');
INSERT INTO `sys_dict` VALUES ('360', '292', '1', 'SC_SubJobTypeMain', '150', '员工关系/企业文化/工会', '职位子分类', 'hulianwangruanjiangongchengshi', 'hlwrjgcs', '', '10', '', '1');
INSERT INTO `sys_dict` VALUES ('361', '293', '1', 'SC_SubJobTypeMain', '86', '网店运营', '职位子分类', 'hulianwangruanjiangongchengshi', 'hlwrjgcs', '', '10', '', '1');
INSERT INTO `sys_dict` VALUES ('362', '293', '1', 'SC_SubJobTypeMain', '70', '互联网产品经理/主管', '职位子分类', 'hulianwangruanjiangongchengshi', 'hlwrjgcs', '', '10', '', '1');
INSERT INTO `sys_dict` VALUES ('363', '293', '1', 'SC_SubJobTypeMain', '71', '互联网产品专员/助理', '职位子分类', 'hulianwangruanjiangongchengshi', 'hlwrjgcs', '', '10', '', '1');
INSERT INTO `sys_dict` VALUES ('364', '293', '1', 'SC_SubJobTypeMain', '81', '电子商务总监', '职位子分类', 'hulianwangruanjiangongchengshi', 'hlwrjgcs', '', '10', '', '1');
INSERT INTO `sys_dict` VALUES ('365', '293', '1', 'SC_SubJobTypeMain', '85', '网店客服', '职位子分类', 'hulianwangruanjiangongchengshi', 'hlwrjgcs', '', '10', '', '1');
INSERT INTO `sys_dict` VALUES ('366', '293', '1', 'SC_SubJobTypeMain', '80', '网站运营总监/经理', '职位子分类', 'hulianwangruanjiangongchengshi', 'hlwrjgcs', '', '10', '', '1');
INSERT INTO `sys_dict` VALUES ('367', '293', '1', 'SC_SubJobTypeMain', '83', '网店店长', '职位子分类', 'hulianwangruanjiangongchengshi', 'hlwrjgcs', '', '10', '', '1');
INSERT INTO `sys_dict` VALUES ('368', '293', '1', 'SC_SubJobTypeMain', '94', '内容运营', '职位子分类', 'hulianwangruanjiangongchengshi', 'hlwrjgcs', '', '10', '', '1');
INSERT INTO `sys_dict` VALUES ('369', '293', '1', 'SC_SubJobTypeMain', '74', '网络运营管理', '职位子分类', 'hulianwangruanjiangongchengshi', 'hlwrjgcs', '', '10', '', '1');
INSERT INTO `sys_dict` VALUES ('370', '293', '1', 'SC_SubJobTypeMain', '73', '电子商务专员/助理', '职位子分类', 'hulianwangruanjiangongchengshi', 'hlwrjgcs', '', '10', '', '1');
INSERT INTO `sys_dict` VALUES ('371', '293', '1', 'SC_SubJobTypeMain', '91', '产品运营', '职位子分类', 'hulianwangruanjiangongchengshi', 'hlwrjgcs', '', '10', '', '1');
INSERT INTO `sys_dict` VALUES ('372', '293', '1', 'SC_SubJobTypeMain', '90', '淘宝/微信运营专员/主管', '职位子分类', 'hulianwangruanjiangongchengshi', 'hlwrjgcs', '', '10', '', '1');
INSERT INTO `sys_dict` VALUES ('373', '293', '1', 'SC_SubJobTypeMain', '72', '电子商务经理/主管', '职位子分类', 'hulianwangruanjiangongchengshi', 'hlwrjgcs', '', '10', '', '1');
INSERT INTO `sys_dict` VALUES ('374', '293', '1', 'SC_SubJobTypeMain', '76', '网站编辑', '职位子分类', 'hulianwangruanjiangongchengshi', 'hlwrjgcs', '', '10', '', '1');
INSERT INTO `sys_dict` VALUES ('375', '293', '1', 'SC_SubJobTypeMain', '75', '网络运营专员/助理', '职位子分类', 'hulianwangruanjiangongchengshi', 'hlwrjgcs', '', '10', '', '1');
INSERT INTO `sys_dict` VALUES ('376', '293', '1', 'SC_SubJobTypeMain', '89', '微信推广', '职位子分类', 'hulianwangruanjiangongchengshi', 'hlwrjgcs', '', '10', '', '1');
INSERT INTO `sys_dict` VALUES ('377', '293', '1', 'SC_SubJobTypeMain', '84', '网店推广', '职位子分类', 'hulianwangruanjiangongchengshi', 'hlwrjgcs', '', '10', '', '1');
INSERT INTO `sys_dict` VALUES ('378', '293', '1', 'SC_SubJobTypeMain', '79', '运营总监', '职位子分类', 'hulianwangruanjiangongchengshi', 'hlwrjgcs', '', '10', '', '1');
INSERT INTO `sys_dict` VALUES ('379', '293', '1', 'SC_SubJobTypeMain', '93', '市场运营', '职位子分类', 'hulianwangruanjiangongchengshi', 'hlwrjgcs', '', '10', '', '1');
INSERT INTO `sys_dict` VALUES ('380', '293', '1', 'SC_SubJobTypeMain', '77', 'SEO/SEM', '职位子分类', 'hulianwangruanjiangongchengshi', 'hlwrjgcs', '', '10', '', '1');
INSERT INTO `sys_dict` VALUES ('381', '293', '1', 'SC_SubJobTypeMain', '87', '网店管理员', '职位子分类', 'hulianwangruanjiangongchengshi', 'hlwrjgcs', '', '10', '', '1');
INSERT INTO `sys_dict` VALUES ('382', '293', '1', 'SC_SubJobTypeMain', '88', '运营主管/专员', '职位子分类', 'hulianwangruanjiangongchengshi', 'hlwrjgcs', '', '10', '', '1');
INSERT INTO `sys_dict` VALUES ('383', '293', '1', 'SC_SubJobTypeMain', '95', '其他', '职位子分类', 'hulianwangruanjiangongchengshi', 'hlwrjgcs', '', '100', '', '1');
INSERT INTO `sys_dict` VALUES ('384', '293', '1', 'SC_SubJobTypeMain', '92', '数据运营', '职位子分类', 'hulianwangruanjiangongchengshi', 'hlwrjgcs', '', '10', '', '1');
INSERT INTO `sys_dict` VALUES ('385', '293', '1', 'SC_SubJobTypeMain', '82', '新媒体运营', '职位子分类', 'hulianwangruanjiangongchengshi', 'hlwrjgcs', '', '10', '', '1');
INSERT INTO `sys_dict` VALUES ('386', '293', '1', 'SC_SubJobTypeMain', '78', '产品总监', '职位子分类', 'hulianwangruanjiangongchengshi', 'hlwrjgcs', '', '10', '', '1');
INSERT INTO `sys_dict` VALUES ('387', '294', '1', 'SC_SubJobTypeMain', '98', '系统测试', '职位子分类', 'hulianwangruanjiangongchengshi', 'hlwrjgcs', '', '10', '', '1');
INSERT INTO `sys_dict` VALUES ('388', '294', '1', 'SC_SubJobTypeMain', '100', '硬件测试', '职位子分类', 'hulianwangruanjiangongchengshi', 'hlwrjgcs', '', '10', '', '1');
INSERT INTO `sys_dict` VALUES ('389', '294', '1', 'SC_SubJobTypeMain', '101', '配置管理工程师', '职位子分类', 'hulianwangruanjiangongchengshi', 'hlwrjgcs', '', '10', '', '1');
INSERT INTO `sys_dict` VALUES ('390', '294', '1', 'SC_SubJobTypeMain', '102', '信息技术标准化工程师', '职位子分类', 'hulianwangruanjiangongchengshi', 'hlwrjgcs', '', '10', '', '1');
INSERT INTO `sys_dict` VALUES ('391', '294', '1', 'SC_SubJobTypeMain', '104', '游戏测试', '职位子分类', 'hulianwangruanjiangongchengshi', 'hlwrjgcs', '', '10', '', '1');
INSERT INTO `sys_dict` VALUES ('392', '294', '1', 'SC_SubJobTypeMain', '106', '其他', '职位子分类', 'hulianwangruanjiangongchengshi', 'hlwrjgcs', '', '100', '', '1');
INSERT INTO `sys_dict` VALUES ('393', '294', '1', 'SC_SubJobTypeMain', '96', 'IT质量管理经理/主管', '职位子分类', 'hulianwangruanjiangongchengshi', 'hlwrjgcs', '', '10', '', '1');
INSERT INTO `sys_dict` VALUES ('394', '294', '1', 'SC_SubJobTypeMain', '99', '软件测试', '职位子分类', 'hulianwangruanjiangongchengshi', 'hlwrjgcs', '', '10', '', '1');
INSERT INTO `sys_dict` VALUES ('395', '294', '1', 'SC_SubJobTypeMain', '105', '手机维修', '职位子分类', 'hulianwangruanjiangongchengshi', 'hlwrjgcs', '', '10', '', '1');
INSERT INTO `sys_dict` VALUES ('396', '294', '1', 'SC_SubJobTypeMain', '97', 'IT质量管理工程师', '职位子分类', 'hulianwangruanjiangongchengshi', 'hlwrjgcs', '', '10', '', '1');
INSERT INTO `sys_dict` VALUES ('397', '294', '1', 'SC_SubJobTypeMain', '103', '标准化工程师', '职位子分类', 'hulianwangruanjiangongchengshi', 'hlwrjgcs', '', '10', '', '1');
INSERT INTO `sys_dict` VALUES ('398', '221', '1', 'SC_SubJobTypeMain', '128', '税务经理/主管', '职位子分类', 'hulianwangruanjiangongchengshi', 'hlwrjgcs', '', '10', '', '1');
INSERT INTO `sys_dict` VALUES ('399', '221', '1', 'SC_SubJobTypeMain', '125', '出纳员', '职位子分类', 'hulianwangruanjiangongchengshi', 'hlwrjgcs', '', '10', '', '1');
INSERT INTO `sys_dict` VALUES ('400', '221', '1', 'SC_SubJobTypeMain', '132', '资产/资金管理', '职位子分类', 'hulianwangruanjiangongchengshi', 'hlwrjgcs', '', '10', '', '1');
INSERT INTO `sys_dict` VALUES ('401', '221', '1', 'SC_SubJobTypeMain', '114', '首席财务官CFO', '职位子分类', 'hulianwangruanjiangongchengshi', 'hlwrjgcs', '', '10', '', '1');
INSERT INTO `sys_dict` VALUES ('402', '221', '1', 'SC_SubJobTypeMain', '130', '成本经理/主管', '职位子分类', 'hulianwangruanjiangongchengshi', 'hlwrjgcs', '', '10', '', '1');
INSERT INTO `sys_dict` VALUES ('403', '221', '1', 'SC_SubJobTypeMain', '121', '财务分析员', '职位子分类', 'hulianwangruanjiangongchengshi', 'hlwrjgcs', '', '10', '', '1');
INSERT INTO `sys_dict` VALUES ('404', '221', '1', 'SC_SubJobTypeMain', '118', '财务顾问', '职位子分类', 'hulianwangruanjiangongchengshi', 'hlwrjgcs', '', '10', '', '1');
INSERT INTO `sys_dict` VALUES ('405', '221', '1', 'SC_SubJobTypeMain', '119', '财务助理', '职位子分类', 'hulianwangruanjiangongchengshi', 'hlwrjgcs', '', '10', '', '1');
INSERT INTO `sys_dict` VALUES ('406', '221', '1', 'SC_SubJobTypeMain', '129', '税务专员/助理', '职位子分类', 'hulianwangruanjiangongchengshi', 'hlwrjgcs', '', '10', '', '1');
INSERT INTO `sys_dict` VALUES ('407', '221', '1', 'SC_SubJobTypeMain', '115', '财务总监', '职位子分类', 'hulianwangruanjiangongchengshi', 'hlwrjgcs', '', '10', '', '1');
INSERT INTO `sys_dict` VALUES ('408', '221', '1', 'SC_SubJobTypeMain', '120', '财务分析经理/主管', '职位子分类', 'hulianwangruanjiangongchengshi', 'hlwrjgcs', '', '10', '', '1');
INSERT INTO `sys_dict` VALUES ('409', '221', '1', 'SC_SubJobTypeMain', '117', '财务主管/总帐主管', '职位子分类', 'hulianwangruanjiangongchengshi', 'hlwrjgcs', '', '10', '', '1');
INSERT INTO `sys_dict` VALUES ('410', '221', '1', 'SC_SubJobTypeMain', '123', '会计/会计师', '职位子分类', 'hulianwangruanjiangongchengshi', 'hlwrjgcs', '', '10', '', '1');
INSERT INTO `sys_dict` VALUES ('411', '221', '1', 'SC_SubJobTypeMain', '124', '会计助理/文员', '职位子分类', 'hulianwangruanjiangongchengshi', 'hlwrjgcs', '', '10', '', '1');
INSERT INTO `sys_dict` VALUES ('412', '221', '1', 'SC_SubJobTypeMain', '126', '审计经理/主管', '职位子分类', 'hulianwangruanjiangongchengshi', 'hlwrjgcs', '', '10', '', '1');
INSERT INTO `sys_dict` VALUES ('413', '221', '1', 'SC_SubJobTypeMain', '116', '财务经理', '职位子分类', 'hulianwangruanjiangongchengshi', 'hlwrjgcs', '', '10', '', '1');
INSERT INTO `sys_dict` VALUES ('414', '221', '1', 'SC_SubJobTypeMain', '127', '审计专员/助理', '职位子分类', 'hulianwangruanjiangongchengshi', 'hlwrjgcs', '', '10', '', '1');
INSERT INTO `sys_dict` VALUES ('415', '221', '1', 'SC_SubJobTypeMain', '134', '统计员', '职位子分类', 'hulianwangruanjiangongchengshi', 'hlwrjgcs', '', '10', '', '1');
INSERT INTO `sys_dict` VALUES ('416', '221', '1', 'SC_SubJobTypeMain', '133', '资金专员', '职位子分类', 'hulianwangruanjiangongchengshi', 'hlwrjgcs', '', '10', '', '1');
INSERT INTO `sys_dict` VALUES ('417', '221', '1', 'SC_SubJobTypeMain', '131', '成本会计', '职位子分类', 'hulianwangruanjiangongchengshi', 'hlwrjgcs', '', '10', '', '1');
INSERT INTO `sys_dict` VALUES ('418', '221', '1', 'SC_SubJobTypeMain', '137', '其他', '职位子分类', 'hulianwangruanjiangongchengshi', 'hlwrjgcs', '', '100', '', '1');
INSERT INTO `sys_dict` VALUES ('419', '221', '1', 'SC_SubJobTypeMain', '135', '固定资产会计', '职位子分类', 'hulianwangruanjiangongchengshi', 'hlwrjgcs', '', '10', '', '1');
INSERT INTO `sys_dict` VALUES ('420', '221', '1', 'SC_SubJobTypeMain', '136', '成本管理员', '职位子分类', 'hulianwangruanjiangongchengshi', 'hlwrjgcs', '', '10', '', '1');
INSERT INTO `sys_dict` VALUES ('421', '221', '1', 'SC_SubJobTypeMain', '122', '会计经理/主管', '职位子分类', 'hulianwangruanjiangongchengshi', 'hlwrjgcs', '', '10', '', '1');
INSERT INTO `sys_dict` VALUES ('422', '2', '1', 'CUSTOMER_DEPARTMENT', '3', '第二事业部', '内部部门', 'diershiyebu', 'desyb', null, '30', null, '1');
INSERT INTO `sys_dict` VALUES ('423', '2', '1', 'CUSTOMER_DEPARTMENT', '4', '第一事业部', '内部部门', 'diyishiyebu', 'dysyb', null, '40', null, '1');
INSERT INTO `sys_dict` VALUES ('424', '1', '0', 'CLEW_PERIOD', 'NATURE', '线索阶段', '线索阶段', 'xiansuojieduan', 'xsjd', null, '0', null, '1');
INSERT INTO `sys_dict` VALUES ('425', '424', '0', 'CLEW_PERIOD', '1', '未立项', '线索阶段', 'weilixiang', 'wlx', null, '10', null, '1');
INSERT INTO `sys_dict` VALUES ('427', '424', '0', 'CLEW_PERIOD', '2', '已立项', '线索阶段', 'yilixiang', 'ylx', null, '10', null, '1');
INSERT INTO `sys_dict` VALUES ('428', '1', '0', 'CUSTOMER_TRADE', 'NATURE', '所在行业', '所在行业', 'suozaixingye', 'szxy', null, '0', null, '1');
INSERT INTO `sys_dict` VALUES ('429', '428', '0', 'CUSTOMER_TRADE', '1', '制造业', '所在行业', 'zhizaoye', 'zzy', null, '10', null, '1');
INSERT INTO `sys_dict` VALUES ('430', '428', '0', 'CUSTOMER_TRADE', '2', 'IT业', '所在行业', 'ITye', 'ITy', null, '10', null, '1');
INSERT INTO `sys_dict` VALUES ('431', '1', '0', 'CUSTOMER_QUALITY', 'NATURE', '客户质量', '客户质量', 'kehuzhiliang', 'khzl', null, '0', null, '1');
INSERT INTO `sys_dict` VALUES ('432', '431', '0', 'CUSTOMER_QUALITY', '1', '优质客户', '客户质量', 'youzhikehu', 'yzkh', null, '10', null, '1');
INSERT INTO `sys_dict` VALUES ('433', '431', '0', 'CUSTOMER_QUALITY', '2', '良好客户', '客户质量', 'lianghaokehu', 'lhkh', null, '10', null, '1');
INSERT INTO `sys_dict` VALUES ('434', '1', '0', 'CUSTOMER_SCOPE', 'NATURE', '客户规模', '客户规模', 'kehuguimo', 'khgm', null, '0', null, '1');
INSERT INTO `sys_dict` VALUES ('435', '434', '0', 'CUSTOMER_SCOPE', '1', '大型企业', '客户规模', 'daxingqiye', 'dxqy', null, '10', null, '1');
INSERT INTO `sys_dict` VALUES ('436', '434', '0', 'CUSTOMER_SCOPE', '2', '中、小型企业', '客户规模', 'zhongxiaoxingqiye', 'zxxqy', null, '10', null, '1');
INSERT INTO `sys_dict` VALUES ('437', '1', '0', 'PACT_STATUS', 'NATURE', '合同状态', '合同状态', 'hetongzhuangtai', 'htzt', null, '0', null, '1');
INSERT INTO `sys_dict` VALUES ('438', '437', '0', 'PACT_STATUS', '1', '已启动', '合同状态', 'yiqidong', 'yqd', null, '10', null, '1');
INSERT INTO `sys_dict` VALUES ('439', '437', '0', 'PACT_STATUS', '2', '未付款', '合同状态', 'weifukuan', 'wfk', null, '10', null, '1');
INSERT INTO `sys_dict` VALUES ('440', '1', '1', 'SALES_LEVEL', 'NATURE', '销售级别', '销售级别', 'xiaoshoujibie', 'xsjb', null, '101', null, '1');
INSERT INTO `sys_dict` VALUES ('441', '440', '1', 'SALES_LEVEL', '1', '高级', '销售级别', 'gaoji', 'gj', null, '1', null, '1');
INSERT INTO `sys_dict` VALUES ('442', '440', '1', 'SALES_LEVEL', '2', '中级', '销售级别', 'zhongji', 'zj', null, '2', null, '1');
INSERT INTO `sys_dict` VALUES ('443', '440', '1', 'SALES_LEVEL', '3', '初级', '销售级别', 'chuji', 'cj', null, '3', null, '1');

-- ----------------------------
-- Table structure for `sys_dict_aud`
-- ----------------------------
DROP TABLE IF EXISTS `sys_dict_aud`;
CREATE TABLE `sys_dict_aud` (
  `REV_ID` int(11) NOT NULL COMMENT 'REVISION ID',
  `REV_TYPE` tinyint(4) DEFAULT NULL COMMENT 'REVTYPE 0:ADD, 1:UPDATE, 2:DELETE',
  `DICT_ID` int(11) NOT NULL AUTO_INCREMENT COMMENT 'ID',
  `DICT_PARENT_ID` int(11) DEFAULT '0' COMMENT '父级编号',
  `IS_NATURE` tinyint(1) NOT NULL DEFAULT '0' COMMENT '是否为字典类型而非字典选项,1: yes, others: no',
  `DICT_NATURE` varchar(50) NOT NULL COMMENT '类型',
  `DICT_CODE` varchar(50) NOT NULL COMMENT '编码',
  `DICT_VALUE` varchar(50) NOT NULL COMMENT '数据值',
  `IS_ENABLED` tinyint(1) NOT NULL DEFAULT '1' COMMENT '是否有效标记,1:有效,others:无效',
  PRIMARY KEY (`DICT_ID`,`REV_ID`)
) ENGINE=InnoDB AUTO_INCREMENT=440 DEFAULT CHARSET=utf8 COMMENT='字典表变更记录表';

-- ----------------------------
-- Records of sys_dict_aud
-- ----------------------------
INSERT INTO `sys_dict_aud` VALUES ('2', '0', '424', '1', '0', 'CLEW_PERIOD', '-1', '线索阶段', '1');
INSERT INTO `sys_dict_aud` VALUES ('3', '0', '425', '424', '0', 'CLEW_PERIOD', '0', '未立项', '1');
INSERT INTO `sys_dict_aud` VALUES ('4', '0', '426', '1', '0', 'CLEW_PERIOD', '1', '已立项', '1');
INSERT INTO `sys_dict_aud` VALUES ('5', '0', '427', '424', '0', 'CLEW_PERIOD', '1', '已立项', '1');
INSERT INTO `sys_dict_aud` VALUES ('6', '0', '428', '1', '0', 'CUSTOMER_TRADE', '-1', '所在行业', '1');
INSERT INTO `sys_dict_aud` VALUES ('7', '0', '429', '428', '0', 'CUSTOMER_TRADE', '0', '制造业', '1');
INSERT INTO `sys_dict_aud` VALUES ('8', '0', '430', '428', '0', 'CUSTOMER_TRADE', '1', 'IT业', '1');
INSERT INTO `sys_dict_aud` VALUES ('9', '0', '431', '1', '0', 'CUSTOMER_QUALITY', '-1', '客户质量', '1');
INSERT INTO `sys_dict_aud` VALUES ('10', '0', '432', '431', '0', 'CUSTOMER_QUALITY', '0', '优质客户', '1');
INSERT INTO `sys_dict_aud` VALUES ('11', '0', '433', '431', '0', 'CUSTOMER_QUALITY', '1', '良好客户', '1');
INSERT INTO `sys_dict_aud` VALUES ('12', '0', '434', '1', '0', 'CUSTOMER_SCOPE', '-1', '客户规模', '1');
INSERT INTO `sys_dict_aud` VALUES ('13', '0', '435', '434', '0', 'CUSTOMER_SCOPE', '0', '大型企业', '1');
INSERT INTO `sys_dict_aud` VALUES ('14', '0', '436', '434', '0', 'CUSTOMER_SCOPE', '1', '中、小型企业', '1');
INSERT INTO `sys_dict_aud` VALUES ('15', '0', '437', '1', '0', 'PACT_STATUS', '-1', '合同状态', '1');
INSERT INTO `sys_dict_aud` VALUES ('16', '0', '438', '437', '0', 'PACT_STATUS', '0', '已启动', '1');
INSERT INTO `sys_dict_aud` VALUES ('17', '0', '439', '437', '0', 'PACT_STATUS', '1', '未付款', '1');

-- ----------------------------
-- Table structure for `sys_func`
-- ----------------------------
DROP TABLE IF EXISTS `sys_func`;
CREATE TABLE `sys_func` (
  `FUNC_ID` int(11) NOT NULL AUTO_INCREMENT COMMENT 'ID',
  `FUNC_PARENT_ID` int(11) DEFAULT '0' COMMENT '功能ID',
  `FUNC_CODE` varchar(30) NOT NULL COMMENT '功能编码',
  `FUNC_NAME` varchar(15) NOT NULL COMMENT '功能名称',
  `FUNC_ORDER` int(2) DEFAULT NULL COMMENT '排序',
  `FUNC_TYPE` varchar(50) NOT NULL COMMENT '功能类型；MENU,FUNC,LINK',
  `FUNC_URL` varchar(150) DEFAULT NULL COMMENT '超链接，如果功能类型为LINK',
  `FUNC_DESC` varchar(128) DEFAULT NULL COMMENT '功能描述',
  `FUNC_ICON` varchar(64) DEFAULT NULL COMMENT '图标样式',
  `IS_VISIBLE` tinyint(1) NOT NULL DEFAULT '1' COMMENT '是否在菜单中可见,1:是,others:否',
  `IS_BASE_FUNC` tinyint(1) NOT NULL DEFAULT '1' COMMENT '是否为基础功能,1:是,others:否',
  `IS_ENABLED` tinyint(1) NOT NULL DEFAULT '1' COMMENT '是否有效标记,1:有效,others:无效',
  PRIMARY KEY (`FUNC_ID`)
) ENGINE=InnoDB AUTO_INCREMENT=2 DEFAULT CHARSET=utf8 COMMENT='功能表';

-- ----------------------------
-- Records of sys_func
-- ----------------------------
INSERT INTO `sys_func` VALUES ('-1230400', '-1230000', 'impl.employee', '实施人员管理', '4', 'FEATURE', null, '实施人员管理', 'icon-users', '1', '1', '1');
INSERT INTO `sys_func` VALUES ('-1230300', '-1230000', 'impl.files', '文档管理', '3', 'FEATURE', null, '文档管理', 'icon-book-open', '1', '1', '1');
INSERT INTO `sys_func` VALUES ('-1230200', '-1230000', 'impl.process', '进度管理', '2', 'FEATURE', null, '进度管理', 'icon-hourglass', '1', '1', '1');
INSERT INTO `sys_func` VALUES ('-1230100', '-1230000', 'impl.project', '项目管理', '1', 'FEATURE', null, '项目管理', 'icon-social-dropbox', '1', '1', '1');
INSERT INTO `sys_func` VALUES ('-1230000', '0', 'impl', '实施管理', '23', 'MENU', null, '实施管理', 'icon-cup', '1', '1', '1');
INSERT INTO `sys_func` VALUES ('-1221000', '-1220000', 'sales.archives', '方案管理', '10', 'FEATURE', null, '方案管理', 'icon-doc', '1', '1', '1');
INSERT INTO `sys_func` VALUES ('-1220900', '-1220000', 'sales.compact', '合同管理', '9', 'FEATURE', null, '合同管理', 'icon-layers', '1', '1', '1');
INSERT INTO `sys_func` VALUES ('-1220800', '-1220000', 'sales.opponent', '竞争对手管理', '8', 'FEATURE', null, '竞争对手管理', 'icon-ghost', '1', '1', '1');
INSERT INTO `sys_func` VALUES ('-1220700', '-1220000', 'sales.activity', '活动管理', '7', 'FEATURE', null, '活动管理', 'icon-social-dribbble', '1', '1', '1');
INSERT INTO `sys_func` VALUES ('-1220600', '-1220000', 'sales.salespersion', '销售人员管理', '6', 'FEATURE', null, '销售人员管理', 'icon-user', '1', '1', '1');
INSERT INTO `sys_func` VALUES ('-1220500', '-1220000', 'sales.biz.opportunity', '商机管理', '5', 'FEATURE', null, '商机管理', 'icon-hourglass', '1', '1', '1');
INSERT INTO `sys_func` VALUES ('-1220400', '-1220000', 'sales.cule', '线索管理', '4', 'FEATURE', null, '线索管理', 'icon-call-in', '1', '1', '1');
INSERT INTO `sys_func` VALUES ('-1220300', '-1220000', 'sales.linkman', '联系人管理', '3', 'FEATURE', null, '联系人管理', 'icon-notebook', '1', '1', '1');
INSERT INTO `sys_func` VALUES ('-1220100', '-1220000', 'sales.customer', '客户管理', '1', 'FEATURE', null, '客户管理', 'icon-user-following', '1', '1', '1');
INSERT INTO `sys_func` VALUES ('-1220000', '0', 'sales', '营销管理', '22', 'MENU', null, '营销管理', 'icon-basket', '1', '1', '1');
INSERT INTO `sys_func` VALUES ('-1214030', '-1214000', 'manage.risk_project', '项目', '30', 'FEATURE', null, '项目', 'icon-social-dropbox', '1', '1', '1');
INSERT INTO `sys_func` VALUES ('-1214020', '-1214000', 'manage.risk_sales', '销售', '20', 'FEATURE', null, '销售', 'icon-basket', '1', '1', '1');
INSERT INTO `sys_func` VALUES ('-1214010', '-1214000', 'manage.risk_mgmt', '经营', '10', 'FEATURE', null, '经营', 'icon-briefcase', '1', '1', '1');
INSERT INTO `sys_func` VALUES ('-1214000', '-1210000', 'manage.risk_menu', '风险管理', '40', 'MENU', null, '风险管理', 'icon-fire', '1', '1', '1');
INSERT INTO `sys_func` VALUES ('-1213030', '-1213000', 'manage.cost_travel', '差旅', '30', 'FEATURE', null, '差旅', 'icon-plane', '1', '1', '1');
INSERT INTO `sys_func` VALUES ('-1213020', '-1213000', 'manage.cost_impl', '实施', '20', 'FEATURE', null, '实施', 'icon-cup', '1', '1', '1');
INSERT INTO `sys_func` VALUES ('-1213010', '-1213000', 'manage.cost_sales', '销售', '10', 'FEATURE', null, '销售', 'icon-basket', '1', '1', '1');
INSERT INTO `sys_func` VALUES ('-1213000', '-1210000', 'manage.cost_menu', '成本管理', '30', 'MENU', null, '成本管理', 'icon-pencil', '1', '1', '1');
INSERT INTO `sys_func` VALUES ('-1212000', '-1210000', 'manage.received_payments', '回款', '20', 'FEATURE', null, '回款', 'icon-magnet', '1', '1', '1');
INSERT INTO `sys_func` VALUES ('-1211030', '-1211000', 'manage.budget_impl', '实施', '30', 'FEATURE', null, '实施', 'icon-cup', '1', '1', '1');
INSERT INTO `sys_func` VALUES ('-1211020', '-1211000', 'manage.budget_sales', '营销', '20', 'FEATURE', null, '营销', 'icon-basket', '1', '1', '1');
INSERT INTO `sys_func` VALUES ('-1211010', '-1211000', 'manage.budget_mgmt', '经营', '10', 'FEATURE', null, '经营', 'icon-briefcase', '1', '1', '1');
INSERT INTO `sys_func` VALUES ('-1211000', '-1210000', 'manage.budget_menu', '预算管理', '10', 'MENU', null, '预算管理', 'icon-calculator', '1', '1', '1');
INSERT INTO `sys_func` VALUES ('-1210000', '0', 'manage', '经营管理', '21', 'MENU', null, '经营管理', 'icon-briefcase', '1', '1', '1');
INSERT INTO `sys_func` VALUES ('-1040700', '-1040100', 'sys.func', '功能管理', '2', 'FEATURE', null, null, 'glyphicon glyphicon-th-large', '1', '1', '1');
INSERT INTO `sys_func` VALUES ('-1040600', '-1040100', 'sys.role', '角色管理', '6', 'FEATURE', null, null, 'glyphicon glyphicon-heart', '1', '1', '1');
INSERT INTO `sys_func` VALUES ('-1040500', '-1040100', 'sys.group', '用户组管理', '4', 'FEATURE', null, null, 'glyphicon glyphicon-gift', '1', '1', '1');
INSERT INTO `sys_func` VALUES ('-1040400', '-1040100', 'sys.dept', '机构管理', '1', 'FEATURE', null, null, 'glyphicon glyphicon-home', '1', '1', '1');
INSERT INTO `sys_func` VALUES ('-1040300', '-1040100', 'sys.user', '用户管理', '5', 'FEATURE', null, null, 'fa fa-user', '1', '1', '1');
INSERT INTO `sys_func` VALUES ('-1040200', '-1040100', 'sys.dict', '字典管理', '3', 'FEATURE', null, null, 'glyphicon glyphicon-book', '1', '1', '1');
INSERT INTO `sys_func` VALUES ('-1040100', '0', 'sys', '系统管理', '4', 'MENU', null, null, 'glyphicon glyphicon-cog', '1', '1', '1');
INSERT INTO `sys_func` VALUES ('-1030800', '-1040100', 'sys.global', '全局参数管理', '14', 'FEATURE', null, null, 'glyphicon glyphicon-magnet', '1', '0', '1');
INSERT INTO `sys_func` VALUES ('-1020900', '-1020100', 'pages.blank', '500', '6', 'FEATURE', null, null, 'fa fa-user', '0', '1', '1');
INSERT INTO `sys_func` VALUES ('-1020800', '-1020100', 'pages.500', '500', '5', 'FEATURE', null, null, 'fa fa-user', '0', '1', '1');
INSERT INTO `sys_func` VALUES ('-1020700', '-1020100', 'pages.404', '404', '4', 'FEATURE', null, null, 'fa fa-user', '0', '1', '1');
INSERT INTO `sys_func` VALUES ('-1020600', '-1020100', 'pages.403', '403', '3', 'FEATURE', null, null, 'fa fa-user', '0', '1', '1');
INSERT INTO `sys_func` VALUES ('-1020500', '-1020100', 'pages.faq', 'FAQ', '2', 'FEATURE', null, null, 'fa fa-user', '0', '1', '1');
INSERT INTO `sys_func` VALUES ('-1020400', '-1020200', 'pages.login.dev', '开发者登录', '2', 'FEATURE', null, null, 'fa fa-user', '0', '1', '1');
INSERT INTO `sys_func` VALUES ('-1020300', '-1020200', 'pages.login.sys', '系统用户登录', '1', 'FEATURE', null, null, 'fa fa-user', '0', '1', '1');
INSERT INTO `sys_func` VALUES ('-1020200', '-1020100', 'pages.login', '登录', '7', 'MENU', null, null, 'fa fa-user', '0', '1', '1');
INSERT INTO `sys_func` VALUES ('-1020100', '0', 'pages', '通用页面', '6', 'MENU', null, null, 'fa fa-user', '0', '1', '1');
INSERT INTO `sys_func` VALUES ('-1010100', '0', 'home.home', '首页', '1', 'FEATURE', null, null, 'fa fa-user', '1', '1', '1');
INSERT INTO `sys_func` VALUES ('0', null, 'root', '功能管理', '0', 'MENU', null, '根菜单，不显示', 'icon-home', '1', '1', '1');

-- ----------------------------
-- Table structure for `sys_func_aud`
-- ----------------------------
DROP TABLE IF EXISTS `sys_func_aud`;
CREATE TABLE `sys_func_aud` (
  `REV_ID` int(11) NOT NULL COMMENT 'REVISION ID',
  `REV_TYPE` tinyint(4) DEFAULT NULL COMMENT 'REVTYPE 0:ADD, 1:UPDATE, 2:DELETE',
  `FUNC_ID` int(11) NOT NULL COMMENT 'ID',
  `FUNC_PARENT_ID` int(11) DEFAULT '0' COMMENT '功能ID',
  `FUNC_CODE` varchar(30) NOT NULL COMMENT '功能编码',
  `FUNC_NAME` varchar(15) NOT NULL COMMENT '功能名称',
  `FUNC_ORDER` int(2) DEFAULT NULL COMMENT '排序',
  `FUNC_TYPE` varchar(50) NOT NULL COMMENT '功能类型；MENU,FUNC,LINK',
  `FUNC_URL` varchar(150) DEFAULT NULL COMMENT '超链接，如果功能类型为LINK',
  `IS_VISIBLE` tinyint(1) NOT NULL DEFAULT '1' COMMENT '是否在菜单中可见,1:是,others:否',
  `IS_BASE_FUNC` tinyint(1) NOT NULL DEFAULT '1' COMMENT '是否为基础功能,1:是,others:否',
  `IS_ENABLED` tinyint(1) NOT NULL DEFAULT '1' COMMENT '是否有效标记,1:有效,others:无效',
  PRIMARY KEY (`FUNC_ID`,`REV_ID`)
) ENGINE=InnoDB DEFAULT CHARSET=utf8 COMMENT='功能表变更记录表';

-- ----------------------------
-- Records of sys_func_aud
-- ----------------------------

-- ----------------------------
-- Table structure for `sys_global_variable`
-- ----------------------------
DROP TABLE IF EXISTS `sys_global_variable`;
CREATE TABLE `sys_global_variable` (
  `VARIABLE_ID` int(11) NOT NULL AUTO_INCREMENT COMMENT '全局变量ID',
  `VARIABLE_NAME` varchar(50) NOT NULL COMMENT '全局变量名',
  `VARIABLE_VALUE` varchar(255) NOT NULL COMMENT '全局变量值',
  `VARIABLE_DESCRIBE` varchar(1000) NOT NULL COMMENT '全局变量描述',
  `IS_ENABLED` tinyint(1) NOT NULL DEFAULT '1' COMMENT '是否有效标记,1:有效,others:无效',
  PRIMARY KEY (`VARIABLE_ID`),
  UNIQUE KEY `VARIABLE_NAME` (`VARIABLE_NAME`)
) ENGINE=InnoDB AUTO_INCREMENT=16 DEFAULT CHARSET=utf8 COMMENT='全局变量存储查询表';

-- ----------------------------
-- Records of sys_global_variable
-- ----------------------------
INSERT INTO `sys_global_variable` VALUES ('1', '10123', '系统名称', 'CRM系统', '1');
INSERT INTO `sys_global_variable` VALUES ('2', '10124', '服务协议', '', '0');
INSERT INTO `sys_global_variable` VALUES ('3', '10125', '隐私条款', '', '0');
INSERT INTO `sys_global_variable` VALUES ('4', '10126', '验证码', '验证码是否有效', '0');
INSERT INTO `sys_global_variable` VALUES ('5', '10000', '系统颜色', 'light2', '1');
INSERT INTO `sys_global_variable` VALUES ('6', '10001', '导航条位置', 'left', '1');
INSERT INTO `sys_global_variable` VALUES ('7', '10002', '导航left模板文件夹', 'default', '1');
INSERT INTO `sys_global_variable` VALUES ('8', '10003', '导航top模板文件夹', 'horizontalMenu', '1');
INSERT INTO `sys_global_variable` VALUES ('9', '10004', '导航right模板文件夹', 'default', '1');
INSERT INTO `sys_global_variable` VALUES ('10', '10010', '按钮圆角or方角', 'components-md', '1');
INSERT INTO `sys_global_variable` VALUES ('11', '10011', '布局', 'fluid', '1');
INSERT INTO `sys_global_variable` VALUES ('12', '10012', '头部位置', 'fixed', '1');
INSERT INTO `sys_global_variable` VALUES ('13', '10013', '头像下拉颜色', 'dark', '1');
INSERT INTO `sys_global_variable` VALUES ('14', '10014', '侧边栏模式', 'fixed', '1');
INSERT INTO `sys_global_variable` VALUES ('15', '10015', '默认是否收起侧边栏', 'false', '1');

-- ----------------------------
-- Table structure for `sys_group`
-- ----------------------------
DROP TABLE IF EXISTS `sys_group`;
CREATE TABLE `sys_group` (
  `GROUP_ID` int(11) NOT NULL AUTO_INCREMENT COMMENT 'ID',
  `GROUP_NAME` varchar(32) DEFAULT NULL COMMENT '名称',
  `GROUP_DESC` varchar(64) DEFAULT NULL COMMENT '描述',
  `IS_ENABLED` tinyint(1) NOT NULL DEFAULT '1' COMMENT '是否有效标记,1:有效,others:无效',
  PRIMARY KEY (`GROUP_ID`)
) ENGINE=InnoDB AUTO_INCREMENT=9 DEFAULT CHARSET=utf8 COMMENT='用户组表';

-- ----------------------------
-- Records of sys_group
-- ----------------------------
INSERT INTO `sys_group` VALUES ('-1', '超级管理员组', '超级管理员组', '1');
INSERT INTO `sys_group` VALUES ('1', '招聘主管组', '招聘主管组', '1');
INSERT INTO `sys_group` VALUES ('6', '客户经理组', '客户经理组', '1');
INSERT INTO `sys_group` VALUES ('7', '招聘专员组', '招聘专员组', '1');
INSERT INTO `sys_group` VALUES ('8', '基本角色组', '基本角色组', '1');

-- ----------------------------
-- Table structure for `sys_group_aud`
-- ----------------------------
DROP TABLE IF EXISTS `sys_group_aud`;
CREATE TABLE `sys_group_aud` (
  `REV_ID` int(11) NOT NULL COMMENT 'REVISION ID',
  `REV_TYPE` tinyint(4) DEFAULT NULL COMMENT 'REVTYPE 0:ADD, 1:UPDATE, 2:DELETE',
  `GROUP_ID` int(11) NOT NULL COMMENT 'ID',
  `GROUP_NAME` varchar(32) DEFAULT NULL COMMENT '名称',
  `IS_ENABLED` tinyint(1) NOT NULL DEFAULT '1' COMMENT '是否有效标记,1:有效,others:无效',
  PRIMARY KEY (`GROUP_ID`,`REV_ID`)
) ENGINE=InnoDB DEFAULT CHARSET=utf8 COMMENT='用户组表变更记录表';

-- ----------------------------
-- Records of sys_group_aud
-- ----------------------------

-- ----------------------------
-- Table structure for `sys_group_role`
-- ----------------------------
DROP TABLE IF EXISTS `sys_group_role`;
CREATE TABLE `sys_group_role` (
  `REL_ID` int(11) NOT NULL AUTO_INCREMENT COMMENT '关联ID, 为辨识变更记录使用',
  `GROUP_ID` int(11) NOT NULL COMMENT '用户组ID',
  `ROLE_ID` int(11) NOT NULL COMMENT '  角色ID',
  PRIMARY KEY (`REL_ID`),
  KEY `SYS_GROUP_ROLE_GROUP_ID` (`GROUP_ID`),
  KEY `SYS_GROUP_ROLE_ROLE_ID` (`ROLE_ID`)
) ENGINE=InnoDB DEFAULT CHARSET=utf8 COMMENT='用户组，角色关联表';

-- ----------------------------
-- Records of sys_group_role
-- ----------------------------

-- ----------------------------
-- Table structure for `sys_group_role_aud`
-- ----------------------------
DROP TABLE IF EXISTS `sys_group_role_aud`;
CREATE TABLE `sys_group_role_aud` (
  `REV_ID` int(11) NOT NULL COMMENT 'REVISION ID',
  `REV_TYPE` tinyint(4) DEFAULT NULL COMMENT 'REVTYPE 0:ADD, 1:UPDATE, 2:DELETE',
  `REL_ID` int(11) NOT NULL COMMENT '关联ID, 为辨识变更记录使用',
  `GROUP_ID` int(11) NOT NULL COMMENT '用户组ID',
  `ROLE_ID` int(11) NOT NULL COMMENT '角色ID',
  PRIMARY KEY (`REL_ID`,`REV_ID`)
) ENGINE=InnoDB DEFAULT CHARSET=utf8 COMMENT='用户组，角色关联表变更记录表';

-- ----------------------------
-- Records of sys_group_role_aud
-- ----------------------------

-- ----------------------------
-- Table structure for `sys_role`
-- ----------------------------
DROP TABLE IF EXISTS `sys_role`;
CREATE TABLE `sys_role` (
  `ROLE_ID` int(11) NOT NULL AUTO_INCREMENT COMMENT 'ID',
  `ROLE_NAME` varchar(32) DEFAULT NULL COMMENT '名称',
  `ROLE_DESC` varchar(64) DEFAULT NULL COMMENT '描述',
  `IS_BASE_ROLE` tinyint(1) NOT NULL DEFAULT '1' COMMENT '是否为基础角色,1:是,others:否',
  `IS_ENABLED` tinyint(1) NOT NULL DEFAULT '1' COMMENT '是否有效标记,1:有效,others:无效',
  PRIMARY KEY (`ROLE_ID`)
) ENGINE=InnoDB AUTO_INCREMENT=48 DEFAULT CHARSET=utf8 COMMENT='角色表';

-- ----------------------------
-- Records of sys_role
-- ----------------------------
INSERT INTO `sys_role` VALUES ('-3', '开发者', null, '1', '0');
INSERT INTO `sys_role` VALUES ('-2', '系统配置管理员', '系统配置管理员', '1', '1');
INSERT INTO `sys_role` VALUES ('-1', '基本角色', '基本角色', '1', '1');
INSERT INTO `sys_role` VALUES ('10', '招聘专员', '招聘专员', '1', '1');
INSERT INTO `sys_role` VALUES ('11', '招聘主管', '招聘主管', '1', '1');
INSERT INTO `sys_role` VALUES ('45', '客户经理', '客户经理', '0', '1');
INSERT INTO `sys_role` VALUES ('46', '高级招聘', '高级招聘', '0', '1');
INSERT INTO `sys_role` VALUES ('47', '招聘助理', '招聘助理', '0', '1');

-- ----------------------------
-- Table structure for `sys_role_aud`
-- ----------------------------
DROP TABLE IF EXISTS `sys_role_aud`;
CREATE TABLE `sys_role_aud` (
  `REV_ID` int(11) NOT NULL COMMENT 'REVISION ID',
  `REV_TYPE` tinyint(4) DEFAULT NULL COMMENT 'REVTYPE 0:ADD, 1:UPDATE, 2:DELETE',
  `ROLE_ID` int(11) NOT NULL COMMENT 'ID',
  `ROLE_NAME` varchar(32) DEFAULT NULL COMMENT '名称',
  `IS_ENABLED` tinyint(1) NOT NULL DEFAULT '1' COMMENT '是否有效标记,1:有效,others:无效',
  PRIMARY KEY (`ROLE_ID`,`REV_ID`)
) ENGINE=InnoDB DEFAULT CHARSET=utf8 COMMENT='角色表变更记录表';

-- ----------------------------
-- Records of sys_role_aud
-- ----------------------------

-- ----------------------------
-- Table structure for `sys_role_func`
-- ----------------------------
DROP TABLE IF EXISTS `sys_role_func`;
CREATE TABLE `sys_role_func` (
  `REL_ID` int(11) NOT NULL AUTO_INCREMENT COMMENT '关联ID, 为辨识变更记录使用',
  `FUNC_ID` int(11) NOT NULL COMMENT '功能ID',
  `ROLE_ID` int(11) NOT NULL COMMENT '  角色ID',
  PRIMARY KEY (`REL_ID`),
  KEY `SYS_ROLE_FUNC_FUNC_ID` (`FUNC_ID`),
  KEY `SYS_ROLE_FUNC_ROLE_ID` (`ROLE_ID`)
) ENGINE=InnoDB AUTO_INCREMENT=48 DEFAULT CHARSET=utf8 COMMENT='功能，角色关联表';

-- ----------------------------
-- Records of sys_role_func
-- ----------------------------
INSERT INTO `sys_role_func` VALUES ('1', '-1230400', '-2');
INSERT INTO `sys_role_func` VALUES ('2', '-1230300', '-2');
INSERT INTO `sys_role_func` VALUES ('3', '-1230200', '-2');
INSERT INTO `sys_role_func` VALUES ('4', '-1230100', '-2');
INSERT INTO `sys_role_func` VALUES ('5', '-1230000', '-2');
INSERT INTO `sys_role_func` VALUES ('6', '-1221000', '-2');
INSERT INTO `sys_role_func` VALUES ('7', '-1220900', '-2');
INSERT INTO `sys_role_func` VALUES ('8', '-1220800', '-2');
INSERT INTO `sys_role_func` VALUES ('9', '-1220700', '-2');
INSERT INTO `sys_role_func` VALUES ('10', '-1220600', '-2');
INSERT INTO `sys_role_func` VALUES ('11', '-1220500', '-2');
INSERT INTO `sys_role_func` VALUES ('12', '-1220400', '-2');
INSERT INTO `sys_role_func` VALUES ('13', '-1220300', '-2');
INSERT INTO `sys_role_func` VALUES ('14', '-1220100', '-2');
INSERT INTO `sys_role_func` VALUES ('15', '-1220000', '-2');
INSERT INTO `sys_role_func` VALUES ('16', '-1214030', '-2');
INSERT INTO `sys_role_func` VALUES ('17', '-1214020', '-2');
INSERT INTO `sys_role_func` VALUES ('18', '-1214010', '-2');
INSERT INTO `sys_role_func` VALUES ('19', '-1214000', '-2');
INSERT INTO `sys_role_func` VALUES ('20', '-1213030', '-2');
INSERT INTO `sys_role_func` VALUES ('21', '-1213020', '-2');
INSERT INTO `sys_role_func` VALUES ('22', '-1213010', '-2');
INSERT INTO `sys_role_func` VALUES ('23', '-1213000', '-2');
INSERT INTO `sys_role_func` VALUES ('24', '-1212000', '-2');
INSERT INTO `sys_role_func` VALUES ('25', '-1211030', '-2');
INSERT INTO `sys_role_func` VALUES ('26', '-1211020', '-2');
INSERT INTO `sys_role_func` VALUES ('27', '-1211010', '-2');
INSERT INTO `sys_role_func` VALUES ('28', '-1211000', '-2');
INSERT INTO `sys_role_func` VALUES ('29', '-1210000', '-2');
INSERT INTO `sys_role_func` VALUES ('30', '-1040700', '-2');
INSERT INTO `sys_role_func` VALUES ('31', '-1040600', '-2');
INSERT INTO `sys_role_func` VALUES ('32', '-1040500', '-2');
INSERT INTO `sys_role_func` VALUES ('33', '-1040400', '-2');
INSERT INTO `sys_role_func` VALUES ('34', '-1040300', '-2');
INSERT INTO `sys_role_func` VALUES ('35', '-1040200', '-2');
INSERT INTO `sys_role_func` VALUES ('36', '-1040100', '-2');
INSERT INTO `sys_role_func` VALUES ('37', '-1030800', '-2');
INSERT INTO `sys_role_func` VALUES ('38', '-1020900', '-2');
INSERT INTO `sys_role_func` VALUES ('39', '-1020800', '-2');
INSERT INTO `sys_role_func` VALUES ('40', '-1020700', '-2');
INSERT INTO `sys_role_func` VALUES ('41', '-1020600', '-2');
INSERT INTO `sys_role_func` VALUES ('42', '-1020500', '-2');
INSERT INTO `sys_role_func` VALUES ('43', '-1020400', '-2');
INSERT INTO `sys_role_func` VALUES ('44', '-1020300', '-2');
INSERT INTO `sys_role_func` VALUES ('45', '-1020200', '-2');
INSERT INTO `sys_role_func` VALUES ('46', '-1020100', '-2');
INSERT INTO `sys_role_func` VALUES ('47', '-1010100', '-2');

-- ----------------------------
-- Table structure for `sys_role_func_aud`
-- ----------------------------
DROP TABLE IF EXISTS `sys_role_func_aud`;
CREATE TABLE `sys_role_func_aud` (
  `REV_ID` int(11) NOT NULL COMMENT 'REVISION ID',
  `REV_TYPE` tinyint(4) DEFAULT NULL COMMENT 'REVTYPE 0:ADD, 1:UPDATE, 2:DELETE',
  `REL_ID` int(11) NOT NULL COMMENT '关联ID, 为辨识变更记录使用',
  `FUNC_ID` int(11) NOT NULL COMMENT '功能ID',
  `ROLE_ID` int(11) NOT NULL COMMENT '角色ID',
  PRIMARY KEY (`REL_ID`,`REV_ID`)
) ENGINE=InnoDB DEFAULT CHARSET=utf8 COMMENT='功能，角色关联表变更记录表';

-- ----------------------------
-- Records of sys_role_func_aud
-- ----------------------------

-- ----------------------------
-- Table structure for `sys_user`
-- ----------------------------
DROP TABLE IF EXISTS `sys_user`;
CREATE TABLE `sys_user` (
  `USER_ID` int(11) NOT NULL AUTO_INCREMENT COMMENT 'ID',
  `DEPT_ID` int(11) DEFAULT NULL COMMENT '组织机构ID',
  `USER_NAME` varchar(32) DEFAULT NULL COMMENT '用户名',
  `LOGIN_ACCOUNT` varchar(32) NOT NULL COMMENT '登录帐号',
  `LOGIN_PWD` varchar(64) NOT NULL DEFAULT '807ff71b3301262e222ad05e5b7c4325' COMMENT '登录密码,默认"ChangeMe"',
  `USER_SEX` varchar(50) DEFAULT NULL COMMENT '性别，字典项，NATURE=SEX',
  `USER_BIRTHDAY` date DEFAULT NULL COMMENT '生日',
  `USER_TEL` varchar(20) DEFAULT NULL COMMENT '电话',
  `USER_FIXED_TEL` varchar(20) DEFAULT NULL COMMENT '固话',
  `USER_EMAIL` varchar(64) DEFAULT NULL COMMENT '电子邮箱',
  `USER_MAILING_ADDRESS` varchar(128) DEFAULT NULL COMMENT '邮寄地址',
  `USER_POSTALCODE` varchar(20) DEFAULT NULL COMMENT '邮政编码',
  `USER_TITLE` varchar(20) DEFAULT NULL COMMENT '用户头衔，职位',
  `USER_ID_TYPE` varchar(50) DEFAULT NULL COMMENT '证件类型',
  `USER_ID_NUMBER` varchar(30) DEFAULT NULL COMMENT '证件号码',
  `USER_PHOTO` blob COMMENT '照片，Base64编码',
  `USER_TYPE` varchar(50) NOT NULL COMMENT '用户类型，字典项，NATURE=USER_TYPE',
  `IS_ENABLED` tinyint(1) NOT NULL DEFAULT '1' COMMENT '是否有效标记,1:有效,others:无效',
  `USER_REMARK` varchar(255) DEFAULT NULL,
  `LAST_TIME` timestamp NULL DEFAULT '2016-05-28 00:00:00',
  PRIMARY KEY (`USER_ID`),
  KEY `SYS_USER_LOGIN_ACCOUNT` (`LOGIN_ACCOUNT`)
) ENGINE=InnoDB DEFAULT CHARSET=utf8 COMMENT='用户表';

-- ----------------------------
-- Records of sys_user
-- ----------------------------
INSERT INTO `sys_user` VALUES ('-2', '1', '超级用户', 'admin', '807ff71b3301262e222ad05e5b7c4325', '0', null, null, null, null, null, null, null, '1', '37012451412554585852', 0x646174613A696D6167652F6A7065673B6261736536342C2F396A2F34414151536B5A4A52674142416741415A41426B4141442F374141525248566A61336B414151414541414141504141412F2B3441446B466B62324A6C414754414141414141662F624149514142675145424155454267554642676B474251594A437767474267674C44416F4B43776F4B4442414D4441774D44417751444134504541384F44424D54464251544578776247787363487838664878386648783866487745484277634E44413059454241594768555246526F66487838664878386648783866487838664878386648783866487838664878386648783866487838664878386648783866487838664878386648783866487838662F3841414551674179414449417745524141495241514D5241662F45414A304141514143417745424151414141414141414141414141414642674D45427749424341454241414D424151454141414141414141414141414141414944424145464268414141674544416751454177594541676B46414141414151494441424545495155785152494755574569453345794234475273554A53464B4842497856696374487867704B794D304E6A4A4F476955334D57455141434167454541514D454167454641514141414141414152454341794578456752425553494659584742457A4A436B6248423056497A46502F61414177444151414345514D52414438412F564E414B4155416F4251436746414B4155416F44446B5A57506A524762496C57474A666D647946412B303147316C565333434F3171336F6974377239522B334D4B4E54424C2B2F646942614167714C383263365669796649343637653431592B6E65322B6872776655375A354756546A5A41354F564374302B504D615657766B36656A4A766F573955534D50666661383062756D656C30462B672F4D62654146367472386A686639697439504B76426B777538646B7A4A52466A53744C4A30395442464A413141312B2B724D666270662B4C6B6866725872755330576269537430527A787534347147556B6645413165736C587379703061384763564D694B4155416F4251436746414B4155416F4251436746414B4155416F4251486961614B474D7953754552666D5A6A5944373634374A4B57645362324B4A335039574E7032794A3177454F584D7036666349496A756548445531355762354E625931503138472F4630487664776332332F756E6564336D5239776A6E6E314A57474E44374B676556776F2B4E65626D76624A725A796238574F744E456A526D7A524569506B4B7172663071535541386746366179326C6C364D612B314A43346A505242497042426D365151336D62363053736734495674756D327556486A6A4C7858754768657A45633773392B6F6A794E4735656F53676C4D4C7543584B563473484C4D543273385535397551654B6C5874634733454775773139446A686D786839314C7432534779636367526B4D73305474484C473434686C2B56366E69796350456B4D6C6552324C596671487373754D677963785775716C4A446F77754C6B4F504C78476872336348667874617338724C314C546F6934592B52426B77704E4249736B546936757075434B3331736D70526A6161305A6C71527755416F4251436746414B4155416F4251436746414B41586F434A332F754C43326541764C3635625857496548695479465A657A3271346C4C334C384742354839446A2F41487639514E7A7A53596D5951782F39504751324A763841714A345634505937643872313072364872347576584874717A6E6D36626A6C34654E2B356554716C6B753552656F6A707659446C656F59396F4A32666B31735436686E32466A3973534870366D5A6E414E7A77354C5676366443437947636235744753444E6D5937495748546459336D592B4E6A6668556631736C795271356D35624D774F50444449712B494873734435433276777272786857473353593866754B4D34354D446D30754B53556D5478394C38534B6A62464F354A58672B376768676B575553706C34716E52675036714C627738755971447042325A4E7A44334F47647632306C6947547267646D76484B6734694E395370586A593179324E705364566B7A66684377394255534352435868634D4F6F486D742F4879497168797453534F676654587652635579593254506646636C6F38676139446E694A452F54384F46656830653577664732332B686B3758583571567564697863704D694A5A4649395142425533556A78556A694B2B69725A4E53654E6173476570455251436746414B4155416F4251436746414B4155426879736D4846676B794A6D43525241733748774651765A565576596C57727334527850764866354D6965544D646971797945775245384F514A2F77416F3443766C2B7A6D64375365396878716C594F623565576935674A4A6D7957755170476B616E6A493550356A79384B7156644378733149737463735A4F4E6C4D42367A37456E454C34664563717369434F35457A344D754C4730545171444F68364A625856676F75746D4850797131586B67364562744F345A75486C794A417742304341366452494845664C6572624A4D7271326D57694C64646C7A52486A37746978346D537874446B78475245592B66454B33694B34314A4F6655317437776F344E5A59476B7341566C425677592F316F34433371757161334A4E49694D62466D79506554446D614F564C4451326358315567583953747776343163362B7570556E364770466B5A324B3857623074493862734A6F3130366D5835756B63412F2F454B6E577162686E485A376C676B332B4A5938664E67646E776E73596E42315666304D447942754638447077716D2F58384669796553534F584A7465344A6E593639554F51424C4B454E757053506E433235382F4F736C715038414B4C6C59363532503356504B7345554F583765464D5165725430736564396444773463654E624F6A324C4A385739444E32634B6135527164676A4E305533766F4E6647766F6B654B7A315854676F4251436746414B4155416F4251436746415562366F626A50384173386661635A7A472B5533584E4C7A4555657242664F764C2B54796531553954304F685456324F58647842446968346C756B432B3347527277477476506C586A4F736E70315A536354484A7863687051446C43374F764D73545A46762F456972485852484565386662474751737655506243644A4E7239524F70503331786B6B6A516B784D7063764939767245415471614C5567324E2B71336A584B374231504F4C73474C484F494D355237557044777972653639576F7634387176717974314A4C4D58626F6F2F326D5A6A726C786B584F70367942775A47745A6C2B4F6F7166466542444B356D78376E6A794E4C732B5532586872655439712B6A6F4F6467666D486A62377136326E6F7948467256455668376F6A5368356278426D4256677756343738514C6355622B46575652573262347A385A74366B786332794A754A4353794C36515A762B6E4F76365378306133503431313062576878573149764A4D6D446C5A574A4F6F6B7858444D7741344F506D2F774234636134314B43634669323763317A646B6832746A2F7743546A456E436C49314B44314244385277716E4C55746F7979646F5A2B62693551394C4A6A6A3168534C426C4A755174394E4F4A465A6E53484A6172483653374B3373376C7467535533794D6179506669562F4B61392F705A7564496536504837574C6A62545A6C6872595A5251436746414B4155416F4251436746414B41356E39514A5A527663557654315278776B65665532763871385476742F73583250573661696A4B49512B5474474736523344463164536261735459362F6A574E4C51314A6B4C6A375154687A4969335057306A6B2B51767258494A49334E74322B475A2F61364C79526E7731415958417274616F73535A36477A7A4E6B6C32684F683647305043784333486E55713479636147504C37567932655033497864425A573846484B70757246617277502F414D75346B5543786A5858555679475468486E4D375277705266327748477175756A4B3369434B363964797669696D35765A676B7951306F3670515372714643334934507058466143447753563775507458637A684B72442F774172474C4E464B6D6E6F34714C6558437457504C444D2B544179466E7963764A6D785A57306C796B454F514278456E53517266614E4B6E43314D376C457074356D787354476B516444526C43784770735341514C384F4E5A372B533270304F65664967326F2B3146453850563733584D434F67742B63456372692B745A6F6E5175386E512F6F6E7638414D323474695475584C6F455679654B456455642F4D61697450782B546A6B6A314D2F63704E4A3944746C6538654F4B4155416F4251436746414B4155416F4251484E66714B5375356C526F544547516B6164514E2F77414C313548645876384177656E3158375079564F543259582F614251736379454E2F684457594565485362566C347259307079653464724F4C6876496E726456627152754441722B4E4C556A5575536B2B397662544A45375A4C36686A5A535271552F4C667A74584D644E5A4C3239494C62436B53786B39494C485735486872572B75694D6C32327A517A2F59612F5350567749743456566B615A646A6E795273694B69363839526171594C54566C6A556B4574707A714D457049334B6A6775785966627A714C676D69743777523073654934654E37634B684967704F543270506B5A7357546778743762534C377759577459395631747731465855755A4D324C795451376456326977485432354A6C646D6B48494C5A74504C5771377372716A7A766162684D597347473759697A6B4B74756248554668617746723272696941397A7333306F375A534C4C69794C676D434D4B2F6E62682F3771306448444E2B586F5A2B356B696B4858713977386755416F4251436746414B4155416F425143674F642F557846584A44473935635A6C467552424F7465623346376A6631586F55444741794D334864797A526C464D35356B723656436A7A724C56616D79706275685646694C58463765486C586247696D78366A7346747731304663524E6D327657597A344468562F67706535463572456B323076784655584E4E434C6D6C6451567672626A564C5A6243504B7839536E7131306F675275364A3049536774343147794A314B766E5376316E545331375658354F575057446C6F7752564251717776626D5361767262517A3257705A70746E584F67475769685A34464A7343516245616B2F7A4657634F57706D73344B2F68724C446B506A504152497039353359586462582B2B395674526F636B3762394A3846346533526B796C6A4A6B4F5353334777502B6D7654364F4F4B7A366E6D39793032677539626A474B4155416F4251436746414B4155416F425146412B7236482B7A517949534A43355157346B47784E596536746A5A303371796D64715971506B52724C367454497750432F494434566A787255334D7332387A3475506A4E4C495169727A715757496B7478544A554A4F2B747068627039624F474173525956545673304F424839574F33495A4F69594D7048465352623750477231663646466C506B32662F414E2F3274754C33676B5A6269366C6C7472345679316B2F424F6B6F7A7646484C454A496A634D626A34565536462F4D3977342B683675412B79696F48636A4E34794E7678343261655A59776F315A6A77466364417368536430336E61584634703049504F34717030483745526D46754D596D4477534C4941626D32746353614F636B7A715062446A4A68575A6A716F364F6E34316F7861737A35566F654D7261336A33583354316B4F76747343774F70734C446E61753370724A52573268326A5938464D48616358465557455561672F45366D76587856343153504979573557624E367243416F4251436746414B4155416F42514367423430427A507674636E633872495648627078474B4B6E4B316872393965543257375766305063362B465678702F774459673967686B683356496A6F46554B7649364457395634397779795A323334383866396441343542746175346F34725077564C65637A61647636312F626F536F764A4979674B6F3564546566674E6167377061463672704C5A514F35742B326543614B475462794A4D6D5551784E2B7A364661526C3677716C79726172367546584C72354770534B58324D61634E6D625A4732755352494D7245396B6B676F335355735477754E5257647470777A54564A7155644B774E75397646574F4D6B3949757454497952473937316A6263705849667049346971335A45326E456C443362752F5A4E7A7950326B47484E6D3544637736785271504573774E68556C425261576132333766326C6A7A752B584B765739766354486D6A6B4B38374D70477454637277513470374D76477A39683975376B49706361557648494F7041326E33727058613156794E376343315975777073716E48562B744C67692F45654E764B755878384764706B35486A4847504A7572504E6F424A47354A4E7756367549382F5477726B70765572736E423162457973664B675362476353517638414B36384E4E4B3953746B314B504B7456316350637A3149694B4155416F4251436746414B4155416F416141357276475363484E33544A6E4A4D45637A75417475706751505472356731343252745774397A365844586E6A7056623855612B324B6D546E592B5A4370574B65503344314378414B33415033306F705A526B72786C5077622B524D736B6855453247677154744C46616145586C375274733742356C764944314B3761324938504375704B5A4A7A623845443356323968626E6C525A7334456D564259787945426D756F3656626E36674E4F726A576E2F36625655496F58566F33716A57327A6135477A456C794265474E51696F56587036523548554557304E5A585A76566D757446565256466F697965694D395044586A7874554F5A5A5847636E2B6F44537A3568612B6E685643743769334C54326B423264426A596D2F78354533524A474C2F414E47566570574C4331323148432B6C616357534759636D4C6B6F4C456531385041336E4A33614634355A4D7434336B39346A70487441424272706251583862567474323555515A4B394A4A7A4A76626276637532377443697A78354F45736E7645593436466764785A6B6A49305A5045655043736472777A5858464B2F354F6D6A6334647A6853534C56574173644C36564F393162597070523133492B524778634358506C753536725259393958652F5371663564626D714C57343135476A723476325A4655366E732B4763506263624859336445485752595859367364504F7657773034315350443747546E6B646C366D375670534B4155416F4251436746414B4155416F4251484B507148486B4B4D734B4430724B7A535734394A31422B3431346E625454663350712F69326D712F596D396E62446C78596E773244514848547074346743344E6161745056656868374E6256733162666B6149516954316362316E53314E4536474C50784764626A5438616E65704C466445572B4D772B5A69414B71686C38706D30754F6F78683044314E566A5768577265344D69724577356766787145466B797A6E472B3436356D586B512F395149536E6D52725643334C4D6D694B7A744D51664A73665249703050343371535A56435A5A777A684F687747486E58655233676A7849596D36556A5564523543317134324F4D462F374F69764773624379686574764941584A712F45594D786C3248653858756953534A635A59516D5444374B5875796F5A4C734C664252632B4E5272645A4E50716A546B777672367A2F567A2F41494F756756375A387566614155416F4251436746414B4155416F425143674B39335274526C417A596C366967744F673572795032633679646E46507550523650596A3276384542732B466934655A4D324F354D65534F72322F79715646744B793471717230386D3773354C5871703371664A3462544D655636355A61696C744430714C4C45566B4E7248537261704E4274706B446E795252544142726A6B70716979686D716C705275525366304C4733472F543456335A4555705A6A6E78703269646B4149436C6D4639625646305A5A533654676F57546A763841332B4C70516B6458727350792B645A307663583564616C63337A472F59373238714C3034383747574138756B6E556659616C65734D6F707353735756464C417042463756457352753750744530383463727A304654725357565A6369534F677871327737466C5A375265374F55397247684846705A66516F2B47747A576E2F7A713259714C39755256386566736A42394A2B314D6E437A355A387A702F63513261645631434D7775735A503674626B63716830634C3574767761666C2B326E6A53586B367A5873487A496F4251436746414B4155416F4251436746414B412B455838776141722B563239486A504E6C7779644D594250733247684F6C676643736C7343724C5236466534374A5661313953416E6E4334306862356C4E59336251324B7570485A45337334736D56492F52456939585566433136677277704C6C713449486263504C7A4D722B345A6E394B493677514835756B3847627776536962315A6261336845374A476B6B52574A7A464952365A567463483761766152464E6F6A4A357632692B334C6B533544766535737059664333545558424E50796B6144647A375A744B794B63564A4152655A3577786E6C4E74456A3654306F6F356B36313274713152586B78327531722F6A597076634C343238534C6B772F77446A49414678384A53584553635464794231466A71616F7644324C464B33312B70733976625A43346A41627246777265527143314F3274434F6E397537484643344C616744714138664F74754C48423575624E4A507A4C755751304D4F32786F3339514357615141694E663167486E34565A626B394B6C6448537375376A2F63736D32625A693764696A48783173747937747A5A324E325A6A7A4A72565447717145596332613253307332366D56436746414B4155416F4251436746414B4155416F425147444E5471784A6C38564E52767379654E785A464333424C426C746F3165546B52376D4A7952473459625A473178343546776A6F5A5638593059456A3752564C724E55693150566B526D6274764F506D7A4F32322B2F67337573384C2B7052347368356643724B5763366C744B4C314D755033566A74365A59576A484A6A66542B4657315A4F32416A737675484245786E58554C6F3455673250774E527376517472696C5151473562706A37704D4934346D3978766C43692B70386872566254624F326F712B535A58742F61396A326638417576636D5A466777472F5147617A6E775649783633592B4146614B34595532504E7964695846545237652F615A45734F5A742F756A486B6C45515756656C6D522B6F71656B2B4241497248704F68616D34314F677762677A6478376A687774654C4567786F4849355374643348324169746E4E38326C364978635677543957792B6476776C634E6E2F5733452B517262685768352F5965704B31635A7851436746414B4155416F4251436746414B4155416F4251474C4A4E7365512B436E384B6A62596C54644649334644634D426457314665626B5237474A6D69716951454867654E557053587651394A6A4B73646877476C716D6B6456694E6C326149546539476F4276646B35564B714C763375494B35766D464130354837645448652F5459476C747A5869756F315A586C37556E3362636F6F343854324D6444655755576A30484C7134317969625A48735A71317276715357386467625558516B43544A58307779456C68456C3732462B4A706C71594B5A704C463239746D4A73754132644D50654F4E6438614938576B41734B356A6F717157565A636A7334586B6C75783969796362426D7A4D3575765033435A736E4A502B4A7A65772B4657344D62536C37746C5859794A754673744470754642374F4C48487A41312B4A3172304B714565546479327A505569496F4251436746414B4155416F4251436746414B4155416F44446D47324C4D66384466685562374D6E6A2F6B696C71566B694D54635631552F79727A71755642363931446B31456A4B503861723477576370526C5A62362B64366D6B64546778757761366E69616B536772323959696444587463382B64716862517578366B4E427570773239736979386A55466B67356B7853666637774D6D63574E37666D70624A4A562B75436378554F544E464578366F6B735350506A5571367371766F69376253384837334778482B64315A316948365548452B56363230616C49775A452B4C5A6136306D4955416F4251436746414B4155416F4251436746414B4155416F434C3333637366466753427A2F577A43596F6B3538435366734171764B347179334257624970364F5249663431356C5432374C5139535464427332714867336761734B5950496C5739373648543736496C4A696B594662333170424B7469497951586C594D66534F46567330317356486656496D754E5365414655575262795547783239746D525049485A534676384168553659327A4C6C79704678696B783974696162492B5961724834322F6C576D74654F706B74626C73594F302B374D4A4F355A4D37633578464649505953512F4B725345424235445375594D6B354A5937574B4D63493632434341516267384458706E6B48326746414B4155416F4251436746414B4155416F425143674D65524F6B4D5A647A6F4F41385458557042785876507536562F71727347316872675235453869636769784D50384169503841437366637443505136564A5A5A55634D774934654E596B656B5A6E4163644A47687177714E4B584779492F5841656F662F476635476B44636A4D7A64765A50544B444734354D4C666A52734A455A2F64596D596E71366A65397169536B38346D4A6A3557555A4D686755343246647052547163795A48476875376A33663239744558376645644A736C4238696D36723573522B46584F3653304D79783274755537634F36704D316D6435656F736454576139354E5750484256653774316B545A5978444A304F637A48494950494D527239395277667A2F444F352F346E364A2B6B6E64693778734565484E4A664C7842307263334C526A682F75384B3954446556423432616B4F532B316355436746414B4155416F4251436746414B4155416F447A4A496B616C6D4E674B4167632F4D61642F4242386F7254536B45477A38353934376F754C396574726D6C4E6B3967515838424D5A422B4A72794F37364873644853476467685830676A6E6F6179314E724E6B4471494249476C5749725944576B734F663356314477664D6948486E51704B697350427743503431316F6A4D46633344746A61354F70784837504F36656E577133556D724850653473566F58614F50496B5A422B587249427143624C644949415264497462374255794A37396B394E37577456544C4343377A566B32435A6C2B644752782F7374657059644C6F703747744764502B6D32345A4F446A594F3659354B6964456D587739514678384458706672645572486C327372614836483272636F4E78776F387145364F5055764E573569726B354D6A5547355854676F4251436746414B4155416F42514744497A6361442F6D503675536A552F6458556752473664786674635354494E6F6F6B424E32507149485077417179754F546A6345527375566E356D482F634D356A37325A3634346A776A6850794C62784939527137696C6F69456D322B7453534F4835612B74717A596E3146584D5532756B547848774B4D5166343134336372373265763148374564773753336D4C64646C7863745463756939512F78573172485133334A7347787656714B3247427543503841585851597058307472356D6753496A64383070694F6948556A6A7A71466D547055356E75534D7A6C6D4E7A66536F564C47614D474F586531744C366D704D346A5A6C786771676336676B536B726E65575066614A55356B565A56616C57542B4A314C365A62563776303832575268643278563666396B6B667972364774466245767366505875316B5A642B3039386B32374A654A3774456448546866394C433965642F466D69793549766D3137317475354B546979677568365A49573064534F494B6D7071306C4C55472F556A676F4251436746414B41775A4762424144314E6476306A6A58557042445A65387A794D55512B3276677648375456696F636B30444D74797850567A622F58552B4A795453796F56334244424D6F614B59326B546C30445731577051514A515741414173426F4150415677474E7A61704934666E48362F346F2F75574A6C4C7965534D6E342B736667613876757233487139522B7733766F33334C37634A322B56765370756C2F4271387A5A6E7072564859784B6A4C314455486E56736C6348315844456975706E494D4F5461783130413174526E557976626A5A67664C6856624C55796C62736E395733696149367A3768346F57507259656F384B34326352346E346B48537056444B2F334E474877354278754B7353314B3737485966706B3061665433743946414C2F742B48685A3247746651595034492B647A72337379376D72592B615A56344B335352354855666A57547355386C324B336730747A7A636A4379636650784C67796E32356970745A775053667434566C5263574C5A76714A6C51414A6C45354935784E704B763238366B724E454C55544C747448636D31626F674D4576544C7A686652682F702B797071794B33566F6C623149694B41554242355737795358436568427948452F45316171484A4975584B48754244717831747946574B6846324D4571735270397448526A6B6A784C4942426267547848777156546A4D6D334871526D5035644B6D524E7747674D4F53624966473164514F4766576E454D2B306D65332F4C6C69652F784C49662B4B76503779386E70644A3651633137567A704D484E6A6E553256445A764D477649736A3163624F2F6476373675526A4B474E7752584B324A5771544D4F5236726E516341616D6D51614D65584B53756A57484F314471494C506151666D342F6855575452584A3856704A62366B333046636B365A386C524643414F4E7258726B68496A4D676449763438717352786B46764872786E484F7245563252306A364E5A306B33617134726A31594F51384B6E2F74762F4146462B346B31376655764F4F5051384C7555343550755776653441797944387A4B47413830302F6E55386C4A544B6362686B49565762454B5038414B773657386A795032563531716D744D726B6A54724B304C44715A44594838796E785538525845644A54626B33594F6A6D63644B38576B30596A2F4D7474613432684264646D373679384E6C697A2F2F41434D5561653644314D672F473378715662466471463977647777383641543473717978747A5538506A56695A57314273563034553234565465745352426B626B534F732F75446966777161496D35444F736936485563616B6A6A457351636542727348457A597834766269566566452F4531456B5A6B556B324770506851466633767650744862584D47667657486A7A38444530796C78385174366C444F484F76714A4A742B34396E354756687A783557504C477A5254524D47552B32397A714F5950477366656F3074546230726534347A746B6638415563416354657644737A327149364632747530754F79517564423870387172544C30692F51376C6F43547972764934364779636F797063486A2B57705351346D684F486B4A7370726A5A4A492B5162655165707134434E3365497249736472453871354A4A496A4D714D39424A4672446855307A6A715175546A466F484A352B4E574B7857366C302B6A55633053626D7A4E6248563467716E6831324E7A39316576384148505378342F795368314C6C33336C62707433627556756D3234795A655469526D5177534567474D66387A356462394F74622B4D765538354D6F5859333145324C75456A41652B4275546A3034307241712F384139556D6E5638447257624C316F32324C71354A334A624F786C687A576154306B364E38562F7744537344586730706D6C6D622F4242364977585067547872717049646A4E743236706B703771446F646448536A72427953773758756B32464B732B4C4D594A42784131552B544C774E4E5563616B756D463337464B565365425935447A44656C76387245572B77314C6D516444412B6F48345636426D4E4C4E5676624A5561697567773473362B33344E7A46534F456A44494A4371486A7A7270772B3776764733625067766D37684D4959563463325A76306F764D3179745733434F7477635337312B6F48636E63426B784D4F5239753274765437454C455379442F755344585877476C6263574F7466755558625A7A664A2B6E753754457A51516E3161395234316F7457724931794F7030665A4E695A6670566B5963716D43644A58615545584B764C364A4C44394C575671382F77435178636B6C2B4458307373582B6853594E687A4D4B53523546456B4C57365A55314676506D4B2B57375858766A33576E71665364664E572B7A314A534946424779614D756F4E594F5A745643305262675A4D644776714236716C7A48456B384C4E5A6742666C705531596930544F42464A4D774146396247704B57567545543477496F495357487141314E577573497154625A554D6C424A6D504B3431765A5235566D356D7A67615758694D794E306A51384252584471524752685474455543394A38616C7A314938446F483033324C49322F61354A4D725273742B73526B63455564497638612B6A2B4F7832726A6C2F325A3833386C6C72624A432F71542F642B6442676472626A6B54573642413861716562534B55565239396230705A35386E354E7939716E784857614B34364347566C304B6B6167676A777179364657644E376637796E333774646D7A5736743132786C69794A4F426C694F6953664558733165666E7777353954546A76704272703179794632766171336F5357707634575138453355756C2B497174366B796567794A4849593641384258654A78736B494D715349366344784234476F576F6454502F5A, 'ADMIN', '1', null, '2017-06-03 16:15:25');

-- ----------------------------
-- Table structure for `sys_user_aud`
-- ----------------------------
DROP TABLE IF EXISTS `sys_user_aud`;
CREATE TABLE `sys_user_aud` (
  `REV_ID` int(11) NOT NULL COMMENT 'REVISION ID',
  `REV_TYPE` tinyint(4) DEFAULT NULL COMMENT 'REVTYPE 0:ADD, 1:UPDATE, 2:DELETE',
  `USER_ID` int(11) NOT NULL COMMENT 'ID',
  `DEPT_ID` int(11) DEFAULT NULL COMMENT '组织机构ID',
  `USER_NAME` varchar(32) DEFAULT NULL COMMENT '用户名',
  `LOGIN_ACCOUNT` varchar(32) NOT NULL COMMENT '登录帐号',
  `USER_SEX` varchar(50) DEFAULT NULL COMMENT '性别，字典项，NATURE=SEX',
  `USER_BIRTHDAY` date DEFAULT NULL COMMENT '生日',
  `USER_TEL` varchar(20) DEFAULT NULL COMMENT '电话',
  `USER_FIXED_TEL` varchar(20) DEFAULT NULL COMMENT '固话',
  `USER_EMAIL` varchar(64) DEFAULT NULL COMMENT '电子邮箱',
  `USER_MAILING_ADDRESS` varchar(128) DEFAULT NULL COMMENT '邮寄地址',
  `USER_POSTALCODE` varchar(20) DEFAULT NULL COMMENT '邮政编码',
  `USER_TITLE` varchar(20) DEFAULT NULL COMMENT '用户头衔，职位',
  `USER_ID_TYPE` varchar(50) DEFAULT NULL COMMENT '证件类型',
  `USER_ID_NUMBER` varchar(30) DEFAULT NULL COMMENT '证件号码',
  `USER_TYPE` varchar(50) NOT NULL COMMENT '用户类型，字典项，NATURE=USER_TYPE',
  `IS_ENABLED` tinyint(1) NOT NULL DEFAULT '1' COMMENT '是否有效标记,1:有效,others:无效',
  `USER_REMARK` varchar(200) DEFAULT NULL,
  `LAST_TIME` timestamp NULL DEFAULT '2016-05-28 00:00:00' ON UPDATE CURRENT_TIMESTAMP,
  PRIMARY KEY (`USER_ID`,`REV_ID`)
) ENGINE=InnoDB DEFAULT CHARSET=utf8 COMMENT='用户表变更记录表';

-- ----------------------------
-- Records of sys_user_aud
-- ----------------------------
INSERT INTO `sys_user_aud` VALUES ('1', '1', '-2', '1', '超级用户', 'admin', '0', null, null, null, null, null, null, null, '1', '37012451412554585852', 'ADMIN', '1', null, '2017-05-29 13:18:53');
INSERT INTO `sys_user_aud` VALUES ('18', '1', '-2', '1', '超级用户', 'admin', '0', null, null, null, null, null, null, null, '1', '37012451412554585852', 'ADMIN', '1', null, '2017-05-29 20:27:14');
INSERT INTO `sys_user_aud` VALUES ('19', '1', '-2', '1', '超级用户', 'admin', '0', null, null, null, null, null, null, null, '1', '37012451412554585852', 'ADMIN', '1', null, '2017-05-29 21:43:17');
INSERT INTO `sys_user_aud` VALUES ('20', '1', '-2', '1', '超级用户', 'admin', '0', null, null, null, null, null, null, null, '1', '37012451412554585852', 'ADMIN', '1', null, '2017-05-29 22:29:09');
INSERT INTO `sys_user_aud` VALUES ('21', '1', '-2', '1', '超级用户', 'admin', '0', null, null, null, null, null, null, null, '1', '37012451412554585852', 'ADMIN', '1', null, '2017-05-29 22:42:33');
INSERT INTO `sys_user_aud` VALUES ('22', '1', '-2', '1', '超级用户', 'admin', '0', null, null, null, null, null, null, null, '1', '37012451412554585852', 'ADMIN', '1', null, '2017-05-30 09:53:21');
INSERT INTO `sys_user_aud` VALUES ('23', '1', '-2', '1', '超级用户', 'admin', '0', null, null, null, null, null, null, null, '1', '37012451412554585852', 'ADMIN', '1', null, '2017-05-30 09:56:58');
INSERT INTO `sys_user_aud` VALUES ('24', '1', '-2', '1', '超级用户', 'admin', '0', null, null, null, null, null, null, null, '1', '37012451412554585852', 'ADMIN', '1', null, '2017-05-30 10:02:00');
INSERT INTO `sys_user_aud` VALUES ('25', '1', '-2', '1', '超级用户', 'admin', '0', null, null, null, null, null, null, null, '1', '37012451412554585852', 'ADMIN', '1', null, '2017-05-30 10:31:18');
INSERT INTO `sys_user_aud` VALUES ('26', '1', '-2', '1', '超级用户', 'admin', '0', null, null, null, null, null, null, null, '1', '37012451412554585852', 'ADMIN', '1', null, '2017-05-30 10:49:57');
INSERT INTO `sys_user_aud` VALUES ('27', '1', '-2', '1', '超级用户', 'admin', '0', null, null, null, null, null, null, null, '1', '37012451412554585852', 'ADMIN', '1', null, '2017-05-30 14:21:56');
INSERT INTO `sys_user_aud` VALUES ('28', '1', '-2', '1', '超级用户', 'admin', '0', null, null, null, null, null, null, null, '1', '37012451412554585852', 'ADMIN', '1', null, '2017-05-30 14:44:26');
INSERT INTO `sys_user_aud` VALUES ('29', '1', '-2', '1', '超级用户', 'admin', '0', null, null, null, null, null, null, null, '1', '37012451412554585852', 'ADMIN', '1', null, '2017-05-30 14:55:53');
INSERT INTO `sys_user_aud` VALUES ('30', '1', '-2', '1', '超级用户', 'admin', '0', null, null, null, null, null, null, null, '1', '37012451412554585852', 'ADMIN', '1', null, '2017-05-30 16:19:02');
INSERT INTO `sys_user_aud` VALUES ('31', '1', '-2', '1', '超级用户', 'admin', '0', null, null, null, null, null, null, null, '1', '37012451412554585852', 'ADMIN', '1', null, '2017-05-30 18:05:48');
INSERT INTO `sys_user_aud` VALUES ('32', '1', '-2', '1', '超级用户', 'admin', '0', null, null, null, null, null, null, null, '1', '37012451412554585852', 'ADMIN', '1', null, '2017-05-30 19:48:57');
INSERT INTO `sys_user_aud` VALUES ('33', '1', '-2', '1', '超级用户', 'admin', '0', null, null, null, null, null, null, null, '1', '37012451412554585852', 'ADMIN', '1', null, '2017-05-30 19:58:00');
INSERT INTO `sys_user_aud` VALUES ('34', '1', '-2', '1', '超级用户', 'admin', '0', null, null, null, null, null, null, null, '1', '37012451412554585852', 'ADMIN', '1', null, '2017-05-30 21:42:25');
INSERT INTO `sys_user_aud` VALUES ('35', '1', '-2', '1', '超级用户', 'admin', '0', null, null, null, null, null, null, null, '1', '37012451412554585852', 'ADMIN', '1', null, '2017-05-31 21:38:50');
INSERT INTO `sys_user_aud` VALUES ('36', '1', '-2', '1', '超级用户', 'admin', '0', null, null, null, null, null, null, null, '1', '37012451412554585852', 'ADMIN', '1', null, '2017-05-31 21:44:52');
INSERT INTO `sys_user_aud` VALUES ('37', '1', '-2', '1', '超级用户', 'admin', '0', null, null, null, null, null, null, null, '1', '37012451412554585852', 'ADMIN', '1', null, '2017-05-31 21:44:52');
INSERT INTO `sys_user_aud` VALUES ('38', '1', '-2', '1', '超级用户', 'admin', '0', null, null, null, null, null, null, null, '1', '37012451412554585852', 'ADMIN', '1', null, '2017-06-01 21:50:13');
INSERT INTO `sys_user_aud` VALUES ('39', '1', '-2', '1', '超级用户', 'admin', '0', null, null, null, null, null, null, null, '1', '37012451412554585852', 'ADMIN', '1', null, '2017-06-03 16:15:25');

-- ----------------------------
-- Table structure for `sys_user_group`
-- ----------------------------
DROP TABLE IF EXISTS `sys_user_group`;
CREATE TABLE `sys_user_group` (
  `REL_ID` int(11) NOT NULL AUTO_INCREMENT COMMENT '关联ID, 为辨识变更记录使用',
  `USER_ID` int(11) NOT NULL COMMENT '用户ID',
  `GROUP_ID` int(11) NOT NULL COMMENT '用户组ID',
  PRIMARY KEY (`REL_ID`),
  KEY `SYS_USER_GROUP_USER_ID` (`USER_ID`),
  KEY `SYS_USER_GROUP_GROUP_ID` (`GROUP_ID`)
) ENGINE=InnoDB AUTO_INCREMENT=2 DEFAULT CHARSET=utf8 COMMENT='用户，用户组关联表';

-- ----------------------------
-- Records of sys_user_group
-- ----------------------------
INSERT INTO `sys_user_group` VALUES ('1', '-2', '-1');

-- ----------------------------
-- Table structure for `sys_user_group_aud`
-- ----------------------------
DROP TABLE IF EXISTS `sys_user_group_aud`;
CREATE TABLE `sys_user_group_aud` (
  `REV_ID` int(11) NOT NULL COMMENT 'REVISION ID',
  `REV_TYPE` tinyint(4) DEFAULT NULL COMMENT 'REVTYPE 0:ADD, 1:UPDATE, 2:DELETE',
  `REL_ID` int(11) NOT NULL COMMENT '关联ID, 为辨识变更记录使用',
  `USER_ID` int(11) NOT NULL COMMENT '用户ID',
  `GROUP_ID` int(11) NOT NULL COMMENT '用户组ID',
  PRIMARY KEY (`REL_ID`,`REV_ID`)
) ENGINE=InnoDB DEFAULT CHARSET=utf8 COMMENT='用户，用户组关联表变更记录表';

-- ----------------------------
-- Records of sys_user_group_aud
-- ----------------------------

-- ----------------------------
-- Table structure for `sys_user_role`
-- ----------------------------
DROP TABLE IF EXISTS `sys_user_role`;
CREATE TABLE `sys_user_role` (
  `REL_ID` int(11) NOT NULL AUTO_INCREMENT COMMENT '关联ID, 为辨识变更记录使用',
  `USER_ID` int(11) NOT NULL COMMENT '用户ID',
  `ROLE_ID` int(11) NOT NULL COMMENT '  角色ID',
  PRIMARY KEY (`REL_ID`),
  KEY `SYS_USER_ROLE_USER_ID` (`USER_ID`),
  KEY `SYS_USER_ROLE_ROLE_ID` (`ROLE_ID`)
) ENGINE=InnoDB AUTO_INCREMENT=2 DEFAULT CHARSET=utf8 COMMENT='用户，角色关联表';

-- ----------------------------
-- Records of sys_user_role
-- ----------------------------
INSERT INTO `sys_user_role` VALUES ('1', '-2', '-2');

-- ----------------------------
-- Table structure for `sys_user_role_aud`
-- ----------------------------
DROP TABLE IF EXISTS `sys_user_role_aud`;
CREATE TABLE `sys_user_role_aud` (
  `REV_ID` int(11) NOT NULL COMMENT 'REVISION ID',
  `REV_TYPE` tinyint(4) DEFAULT NULL COMMENT 'REVTYPE 0:ADD, 1:UPDATE, 2:DELETE',
  `REL_ID` int(11) NOT NULL COMMENT '关联ID, 为辨识变更记录使用',
  `USER_ID` int(11) NOT NULL COMMENT '用户ID',
  `ROLE_ID` int(11) NOT NULL COMMENT '角色ID',
  PRIMARY KEY (`REL_ID`,`REV_ID`)
) ENGINE=InnoDB DEFAULT CHARSET=utf8 COMMENT='用户，角色关联表变更记录表';

-- ----------------------------
-- Records of sys_user_role_aud
-- ----------------------------
